Date,Session Title,Player Name,Split Name,Tags,Split Start Time,Split End Time,Duration,Distance (km),Power Plays,Player Load,Distance in Speed Zone 4  (km),Distance in Speed Zone 5  (km),game_type,playing position
44385,U23 Vs Meden 1st team 08072021,Player 3,all, game,44385.43989,44385.49441,4710,6.4567,49,264.8964,0.628,0.1102,home,FW
44385,U23 Vs Meden 1st team 08072021,Player 1,all, game,44385.43996,44385.49412,4679,8.9441,80,385.4149,1.0088,0.0224,home,MF
44385,U23 Vs Meden 1st team 08072021,Player 35,all, game,44385.4392,44385.49406,4741,7.5085,37,348.4295,0.4298,0.0421,home,MF
44385,U23 Vs Meden 1st team 08072021,Player 36,all, game,44385.43822,44385.49434,4849,7.6324,47,364.5833,0.6933,0.0935,home,FB
44385,U23 Vs Meden 1st team 08072021,Player 43,all, game,44385.43727,44385.49398,4899,6.6863,34,311.9252,0.4252,0.1246,home,CB
44385,U23 Vs Meden 1st team 08072021,Player 45,all, game,44385.43857,44385.49388,4779,8.9805,70,405.7425,1.1051,0.2163,home,FW
44385,U23 Vs Meden 1st team 08072021,Player 62,all, game,44385.44058,44385.49419,4631,7.7821,55,361.9469,0.6232,0.0494,home,MF
44385,U23 Vs Meden 1st team 08072021,Player 56,all, game,44385.43753,44385.49388,4869,7.4181,39,314.8768,0.5633,0.1539,home,CB
44385,U23 Vs Meden 1st team 08072021,Player 19,all, game,44385.43832,44385.49423,4831,7.7966,65,343.6798,0.7032,0.16,home,FW
44385,U23 Vs Meden 1st team 08072021,Player 3,game, game,44385.44167,44385.48724,3937,6.1793,49,250.1885,0.6275,0.1102,home,FW
44385,U23 Vs Meden 1st team 08072021,Player 1,game, game,44385.44173,44385.48742,3947,8.6834,79,370.4756,1.0088,0.0224,home,MF
44385,U23 Vs Meden 1st team 08072021,Player 35,game, game,44385.44165,44385.4872,3936,7.2563,36,332.9436,0.4256,0.0421,home,MF
44385,U23 Vs Meden 1st team 08072021,Player 36,game, game,44385.44173,44385.48742,3947,7.3361,47,347.5202,0.6933,0.0935,home,FB
44385,U23 Vs Meden 1st team 08072021,Player 43,game, game,44385.44173,44385.48742,3947,6.4437,34,298.2097,0.4252,0.1246,home,CB
44385,U23 Vs Meden 1st team 08072021,Player 45,game, game,44385.44173,44385.48742,3947,8.6215,70,387.5152,1.1051,0.2163,home,FW
44385,U23 Vs Meden 1st team 08072021,Player 62,game, game,44385.44173,44385.48742,3947,7.6039,55,351.9441,0.6232,0.0494,home,MF
44385,U23 Vs Meden 1st team 08072021,Player 56,game, game,44385.44164,44385.48715,3933,7.1057,39,296.0957,0.5633,0.1539,home,CB
44385,U23 Vs Meden 1st team 08072021,Player 19,game, game,44385.44173,44385.48742,3947,7.5267,65,329.2697,0.7032,0.16,home,FW
44385,U23 Vs Meden 1st team 08072021,Player 3,1st.quarter, game,44385.44167,44385.48724,3937,6.1793,49,250.1885,0.6275,0.1102,home,FW
44385,U23 Vs Meden 1st team 08072021,Player 1,1st.quarter, game,44385.44173,44385.48742,3947,8.6834,79,370.4756,1.0088,0.0224,home,MF
44385,U23 Vs Meden 1st team 08072021,Player 35,1st.quarter, game,44385.44165,44385.4872,3936,7.2563,36,332.9436,0.4256,0.0421,home,MF
44385,U23 Vs Meden 1st team 08072021,Player 36,1st.quarter, game,44385.44173,44385.48742,3947,7.3361,47,347.5202,0.6933,0.0935,home,FB
44385,U23 Vs Meden 1st team 08072021,Player 43,1st.quarter, game,44385.44173,44385.48742,3947,6.4437,34,298.2097,0.4252,0.1246,home,CB
44385,U23 Vs Meden 1st team 08072021,Player 45,1st.quarter, game,44385.44173,44385.48742,3947,8.6215,70,387.5152,1.1051,0.2163,home,FW
44385,U23 Vs Meden 1st team 08072021,Player 62,1st.quarter, game,44385.44173,44385.48742,3947,7.6039,55,351.9441,0.6232,0.0494,home,MF
44385,U23 Vs Meden 1st team 08072021,Player 56,1st.quarter, game,44385.44164,44385.48715,3933,7.1057,39,296.0957,0.5633,0.1539,home,CB
44385,U23 Vs Meden 1st team 08072021,Player 19,1st.quarter, game,44385.44173,44385.48742,3947,7.5267,65,329.2697,0.7032,0.16,home,FW
44366,U23 Vs Elec. Friendly,Player 15,all, game Friendly,44366.45143,44366.50333,4485,8.0918,59,373.992,0.7454,0.0143,home,MF
44366,U23 Vs Elec. Friendly,Player 66,all, game Friendly,44366.50845,44366.67564,14445,8.424,55,397.3528,0.6618,0.2107,home,FB
44366,U23 Vs Elec. Friendly,Player 64,all, game Friendly,44366.48727,44366.50361,1411,2.2371,17,94.4652,0.2466,0.0658,home,FW
44366,U23 Vs Elec. Friendly,Player 7,all, game Friendly,44366.45177,44366.48151,2570,4.1686,28,167.3103,0.3122,0.0666,home,CB
44366,U23 Vs Elec. Friendly,Player 56,all, game Friendly,44366.50871,44366.67581,14438,8.4879,32,346.9173,0.3646,0.0349,home,CB
44366,U23 Vs Elec. Friendly,Player 49,all, game Friendly,44366.50871,44366.5495,3524,6.6089,49,272.6624,0.6011,0.0936,home,FW
44366,U23 Vs Elec. Friendly,Player 23,all, game Friendly,44366.48718,44366.50345,1405,2.1172,23,86.8558,0.3362,0.0561,home,FW
44366,U23 Vs Elec. Friendly,Player 50,all, game Friendly,44366.45211,44366.48991,3266,5.6051,46,241.5105,0.5546,0.2129,home,FW
44366,U23 Vs Elec. Friendly,Player 18,all, game Friendly,44366.50836,44366.77821,23315,8.3334,74,423.3404,1.0537,0.116,home,FW
44366,U23 Vs Elec. Friendly,Player 62,all, game Friendly,44366.50889,44366.77856,23299,9.9053,57,463.7348,0.5834,0.0799,home,MF
44366,U23 Vs Elec. Friendly,Player 24,all, game Friendly,44366.45156,44366.50326,4467,7.9408,67,380.5478,1.0667,0.2043,home,FW
44366,U23 Vs Elec. Friendly,Player 25,all, game Friendly,44366.45212,44366.50345,4434,7.5796,34,361.789,0.4283,0.067,home,MF
44366,U23 Vs Elec. Friendly,Player 36,all, game Friendly,44366.50837,44366.778,23297,8.494,41,376.2131,0.5458,0.016,home,FB
44366,U23 Vs Elec. Friendly,Player 41,all, game Friendly,44366.50861,44366.51934,927,0.9487,1,47.007,0.0645,0.0079,home,MF
44366,U23 Vs Elec. Friendly,Player 9,all, game Friendly,44366.45176,44366.48803,3133,5.5506,42,218.6422,0.5198,0.0983,home,FB
44366,U23 Vs Elec. Friendly,Player 55,all, game Friendly,44366.45246,44366.50323,4386,7.1106,40,277.4996,0.6167,0.1582,home,FW
44366,U23 Vs Elec. Friendly,Player 38,all, game Friendly,44366.45186,44366.50286,4406,7.6484,66,364.3691,0.8517,0.1871,home,FB
44366,U23 Vs Elec. Friendly,Player 26,all, game Friendly,44366.48128,44366.5031,1885,3.2407,22,148.9396,0.2797,0.0931,home,CB
44366,U23 Vs Elec. Friendly,Player 61,all, game Friendly,44366.45267,44366.50275,4327,8.8506,70,411.574,0.6642,0.0214,home,FB
44366,U23 Vs Elec. Friendly,Player 1,all, game Friendly,44366.50811,44366.79866,25104,9.8156,84,424.5287,0.9305,0.0644,home,MF
44366,U23 Vs Elec. Friendly,Player 60,all, game Friendly,44366.45246,44366.5033,4392,7.0243,46,319.7421,0.6227,0.0921,home,CB
44366,U23 Vs Elec. Friendly,Player 45,all, game Friendly,44366.50883,44366.6754,14391,10.3375,65,433.94,0.9363,0.3148,home,FW
44366,U23 Vs Elec. Friendly,Player 43,all, game Friendly,44366.50845,44366.68254,15041,10.5892,35,426.2339,0.406,0.0369,home,CB
44366,U23 Vs Elec. Friendly,Player 15,game, game Friendly,44366.4543,44366.49875,3841,7.9255,59,365.8065,0.7454,0.0143,home,MF
44366,U23 Vs Elec. Friendly,Player 66,game, game Friendly,44366.51242,44366.55736,3883,7.1571,54,327.6496,0.6486,0.2107,home,FB
44366,U23 Vs Elec. Friendly,Player 64,game, game Friendly,44366.4543,44366.49875,992,2.0922,16,86.9767,0.2314,0.0658,home,FW
44366,U23 Vs Elec. Friendly,Player 7,game, game Friendly,44366.4543,44366.49875,2351,4.0688,28,161.7886,0.3122,0.0666,home,CB
44366,U23 Vs Elec. Friendly,Player 49,game, game Friendly,44366.51242,44366.55736,3204,6.3885,49,261.477,0.6011,0.0936,home,FW
44366,U23 Vs Elec. Friendly,Player 23,game, game Friendly,44366.4543,44366.49875,1000,2.0336,22,82.5316,0.3299,0.0561,home,FW
44366,U23 Vs Elec. Friendly,Player 18,game, game Friendly,44366.51242,44366.55736,3883,7.2443,72,346.4619,1.043,0.116,home,FW
44366,U23 Vs Elec. Friendly,Player 62,game, game Friendly,44366.51242,44366.55736,3883,7.3082,56,351.6066,0.5782,0.0799,home,MF
44366,U23 Vs Elec. Friendly,Player 24,game, game Friendly,44366.4543,44366.49875,3841,7.7777,66,370.652,1.0667,0.2043,home,FW
44366,U23 Vs Elec. Friendly,Player 25,game, game Friendly,44366.4543,44366.49875,3841,7.403,34,352.8174,0.4283,0.067,home,MF
44366,U23 Vs Elec. Friendly,Player 36,game, game Friendly,44366.51242,44366.55736,3883,6.846,39,312.6166,0.5354,0.016,home,FB
44366,U23 Vs Elec. Friendly,Player 41,game, game Friendly,44366.51242,44366.55736,598,0.6883,1,33.8978,0.0645,0.0079,home,MF
44366,U23 Vs Elec. Friendly,Player 9,game, game Friendly,44366.4543,44366.49875,2914,5.4518,42,213.2968,0.5198,0.0983,home,FB
44366,U23 Vs Elec. Friendly,Player 38,game, game Friendly,44366.4543,44366.49875,3841,7.2851,66,347.6025,0.8517,0.1871,home,FB
44366,U23 Vs Elec. Friendly,Player 26,game, game Friendly,44366.4543,44366.49875,1510,3.0748,21,139.9308,0.2766,0.0931,home,CB
44366,U23 Vs Elec. Friendly,Player 1,game, game Friendly,44366.51242,44366.55736,3883,8.5539,84,354.9869,0.9305,0.0644,home,MF
44366,U23 Vs Elec. Friendly,Player 45,game, game Friendly,44366.51242,44366.55736,3883,8.5769,64,369.6798,0.924,0.3148,home,FW
44366,U23 Vs Elec. Friendly,Player 43,game, game Friendly,44366.51242,44366.55736,3883,6.4598,34,293.8816,0.4035,0.0369,home,CB
44366,U23 Vs Elec. Friendly,Player 15,1st.quarter, game Friendly,44366.4543,44366.49875,3841,7.9255,59,365.8065,0.7454,0.0143,home,MF
44366,U23 Vs Elec. Friendly,Player 66,1st.quarter, game Friendly,44366.51242,44366.55736,3883,7.1571,54,327.6496,0.6486,0.2107,home,FB
44366,U23 Vs Elec. Friendly,Player 64,1st.quarter, game Friendly,44366.4543,44366.49875,992,2.0922,16,86.9767,0.2314,0.0658,home,FW
44366,U23 Vs Elec. Friendly,Player 7,1st.quarter, game Friendly,44366.4543,44366.49875,2351,4.0688,28,161.7886,0.3122,0.0666,home,CB
44366,U23 Vs Elec. Friendly,Player 49,1st.quarter, game Friendly,44366.51242,44366.55736,3204,6.3885,49,261.477,0.6011,0.0936,home,FW
44366,U23 Vs Elec. Friendly,Player 23,1st.quarter, game Friendly,44366.4543,44366.49875,1000,2.0336,22,82.5316,0.3299,0.0561,home,FW
44366,U23 Vs Elec. Friendly,Player 18,1st.quarter, game Friendly,44366.51242,44366.55736,3883,7.2443,72,346.4619,1.043,0.116,home,FW
44366,U23 Vs Elec. Friendly,Player 62,1st.quarter, game Friendly,44366.51242,44366.55736,3883,7.3082,56,351.6066,0.5782,0.0799,home,MF
44366,U23 Vs Elec. Friendly,Player 24,1st.quarter, game Friendly,44366.4543,44366.49875,3841,7.7777,66,370.652,1.0667,0.2043,home,FW
44366,U23 Vs Elec. Friendly,Player 25,1st.quarter, game Friendly,44366.4543,44366.49875,3841,7.403,34,352.8174,0.4283,0.067,home,MF
44366,U23 Vs Elec. Friendly,Player 36,1st.quarter, game Friendly,44366.51242,44366.55736,3883,6.846,39,312.6166,0.5354,0.016,home,FB
44366,U23 Vs Elec. Friendly,Player 41,1st.quarter, game Friendly,44366.51242,44366.55736,598,0.6883,1,33.8978,0.0645,0.0079,home,MF
44366,U23 Vs Elec. Friendly,Player 9,1st.quarter, game Friendly,44366.4543,44366.49875,2914,5.4518,42,213.2968,0.5198,0.0983,home,FB
44366,U23 Vs Elec. Friendly,Player 38,1st.quarter, game Friendly,44366.4543,44366.49875,3841,7.2851,66,347.6025,0.8517,0.1871,home,FB
44366,U23 Vs Elec. Friendly,Player 26,1st.quarter, game Friendly,44366.4543,44366.49875,1510,3.0748,21,139.9308,0.2766,0.0931,home,CB
44366,U23 Vs Elec. Friendly,Player 1,1st.quarter, game Friendly,44366.51242,44366.55736,3883,8.5539,84,354.9869,0.9305,0.0644,home,MF
44366,U23 Vs Elec. Friendly,Player 45,1st.quarter, game Friendly,44366.51242,44366.55736,3883,8.5769,64,369.6798,0.924,0.3148,home,FW
44366,U23 Vs Elec. Friendly,Player 43,1st.quarter, game Friendly,44366.51242,44366.55736,3883,6.4598,34,293.8816,0.4035,0.0369,home,CB
44370,U23 FRIENDLY. (AA MIHRET FC),Player 21,all, game,44370.62434,44370.6631,3349,5.9471,40,277.4617,0.4265,0.015,home,MF
44370,U23 FRIENDLY. (AA MIHRET FC),Player 55,all, game,44370.68475,44370.70319,1593,2.9711,29,121.0236,0.3734,0.0711,home,FW
44370,U23 FRIENDLY. (AA MIHRET FC),Player 26,all, game,44370.66635,44370.70339,3200,5.4288,26,250.8291,0.3358,0.0574,home,CB
44370,U23 FRIENDLY. (AA MIHRET FC),Player 45,all, game,44370.62349,44370.6626,3379,6.9513,56,297.3824,0.7995,0.1658,home,FW
44370,U23 FRIENDLY. (AA MIHRET FC),Player 56,all, game,44370.62383,44370.66292,3378,5.4631,26,229.4444,0.3134,0.0962,home,CB
44370,U23 FRIENDLY. (AA MIHRET FC),Player 1,all, game,44370.62399,44370.66289,3361,6.6752,69,285.9512,0.7919,0.035,home,MF
44370,U23 FRIENDLY. (AA MIHRET FC),Player 35,all, game,44370.66809,44370.70318,3032,5.6873,27,250.8907,0.2437,0.0057,home,MF
44370,U23 FRIENDLY. (AA MIHRET FC),Player 18,all, game,44370.62371,44370.66297,3392,5.8255,46,279.3964,0.6443,0.0434,home,FW
44370,U23 FRIENDLY. (AA MIHRET FC),Player 38,all, game,44370.66669,44370.70341,3172,5.699,44,268.5791,0.5761,0.1115,home,FB
44370,U23 FRIENDLY. (AA MIHRET FC),Player 36,all, game,44370.66679,44370.70306,3133,5.7784,37,268.5492,0.4872,0.092,home,FB
44370,U23 FRIENDLY. (AA MIHRET FC),Player 15,all, game,44370.62408,44370.66293,3357,6.2813,53,281.9994,0.5792,0.0262,home,MF
44370,U23 FRIENDLY. (AA MIHRET FC),Player 64,all, game,44370.66808,44370.70349,3059,6.1508,42,279.8969,0.6527,0.0832,home,FW
44370,U23 FRIENDLY. (AA MIHRET FC),Player 9,all, game,44370.6235,44370.66299,3412,6.104,46,246.5055,0.5924,0.1054,home,FB
44370,U23 FRIENDLY. (AA MIHRET FC),Player 61,all, game,44370.66784,44370.70342,3075,6.9782,43,337.2485,0.446,0.0147,home,FB
44370,U23 FRIENDLY. (AA MIHRET FC),Player 43,all, game,44370.66739,44370.70344,3115,4.7167,22,201.2061,0.3695,0.1318,home,CB
44370,U23 FRIENDLY. (AA MIHRET FC),Player 60,all, game,44370.62389,44370.66291,3371,5.6244,35,249.256,0.4968,0.0685,home,CB
44370,U23 FRIENDLY. (AA MIHRET FC),Player 19,all, game,44370.62373,44370.66263,3361,6.0817,60,282.2021,0.7928,0.1234,home,FW
44370,U23 FRIENDLY. (AA MIHRET FC),Player 66,all, game,44370.62399,44370.66281,3354,5.7785,42,260.2487,0.5663,0.1149,home,FB
44370,U23 FRIENDLY. (AA MIHRET FC),Player 49,all, game,44370.66724,44370.68659,1672,3.2791,25,142.1428,0.3411,0.0604,home,FW
44370,U23 FRIENDLY. (AA MIHRET FC),Player 62,all, game,44370.6677,44370.70328,3074,5.7562,34,286.5501,0.2821,0.0036,home,MF
44370,U23 FRIENDLY. (AA MIHRET FC),Player 21,game, game,44370.62499,44370.65777,2832,5.8159,40,268.1558,0.4265,0.015,home,MF
44370,U23 FRIENDLY. (AA MIHRET FC),Player 55,game, game,44370.68559,44370.70184,1403,2.8663,29,115.7349,0.3734,0.0711,home,FW
44370,U23 FRIENDLY. (AA MIHRET FC),Player 26,game, game,44370.66807,44370.70111,2855,5.1783,26,236.9467,0.3358,0.0574,home,CB
44370,U23 FRIENDLY. (AA MIHRET FC),Player 45,game, game,44370.62541,44370.65775,2795,6.608,56,281.2298,0.7995,0.1658,home,FW
44370,U23 FRIENDLY. (AA MIHRET FC),Player 56,game, game,44370.62516,44370.65786,2826,5.3024,26,221.1739,0.3134,0.0962,home,CB
44370,U23 FRIENDLY. (AA MIHRET FC),Player 1,game, game,44370.62515,44370.65777,2818,6.4925,69,276.0088,0.7919,0.035,home,MF
44370,U23 FRIENDLY. (AA MIHRET FC),Player 35,game, game,44370.66856,44370.70125,2825,5.4111,26,238.5398,0.2374,0.0057,home,MF
44370,U23 FRIENDLY. (AA MIHRET FC),Player 18,game, game,44370.62518,44370.65764,2805,5.6645,46,270.75,0.6443,0.0434,home,FW
44370,U23 FRIENDLY. (AA MIHRET FC),Player 38,game, game,44370.66844,44370.70124,2834,5.4225,42,255.7582,0.545,0.1115,home,FB
44370,U23 FRIENDLY. (AA MIHRET FC),Player 36,game, game,44370.66873,44370.70111,2798,5.5293,37,255.3692,0.4872,0.092,home,FB
44370,U23 FRIENDLY. (AA MIHRET FC),Player 15,game, game,44370.62522,44370.65765,2802,6.1077,53,272.492,0.5792,0.0262,home,MF
44370,U23 FRIENDLY. (AA MIHRET FC),Player 64,game, game,44370.66922,44370.7019,2824,5.9023,42,265.9818,0.6527,0.0832,home,FW
44370,U23 FRIENDLY. (AA MIHRET FC),Player 9,game, game,44370.62518,44370.65763,2803,5.845,46,233.3892,0.5924,0.1054,home,FB
44370,U23 FRIENDLY. (AA MIHRET FC),Player 61,game, game,44370.66852,44370.70114,2818,6.717,42,319.9242,0.4406,0.0147,home,FB
44370,U23 FRIENDLY. (AA MIHRET FC),Player 43,game, game,44370.66835,44370.70115,2834,4.4826,22,190.7375,0.3695,0.1318,home,CB
44370,U23 FRIENDLY. (AA MIHRET FC),Player 60,game, game,44370.62517,44370.65776,2816,5.4846,35,239.5059,0.4968,0.0685,home,CB
44370,U23 FRIENDLY. (AA MIHRET FC),Player 19,game, game,44370.6256,44370.65767,2771,5.8922,60,270.5236,0.7928,0.1234,home,FW
44370,U23 FRIENDLY. (AA MIHRET FC),Player 66,game, game,44370.62553,44370.65783,2790,5.6166,42,246.2666,0.5663,0.1149,home,FB
44370,U23 FRIENDLY. (AA MIHRET FC),Player 49,game, game,44370.6684,44370.68544,1472,3.0861,25,134.8915,0.3411,0.0604,home,FW
44370,U23 FRIENDLY. (AA MIHRET FC),Player 62,game, game,44370.66839,44370.70164,2872,5.6074,33,276.955,0.2747,0.0036,home,MF
44370,U23 FRIENDLY. (AA MIHRET FC),Player 21,1st.quarter, game,44370.62499,44370.65777,2832,5.8159,40,268.1558,0.4265,0.015,home,MF
44370,U23 FRIENDLY. (AA MIHRET FC),Player 45,1st.quarter, game,44370.62541,44370.65775,2795,6.608,56,281.2298,0.7995,0.1658,home,FW
44370,U23 FRIENDLY. (AA MIHRET FC),Player 56,1st.quarter, game,44370.62516,44370.65786,2826,5.3024,26,221.1739,0.3134,0.0962,home,CB
44370,U23 FRIENDLY. (AA MIHRET FC),Player 1,1st.quarter, game,44370.62515,44370.65777,2818,6.4925,69,276.0088,0.7919,0.035,home,MF
44370,U23 FRIENDLY. (AA MIHRET FC),Player 18,1st.quarter, game,44370.62518,44370.65764,2805,5.6645,46,270.75,0.6443,0.0434,home,FW
44370,U23 FRIENDLY. (AA MIHRET FC),Player 15,1st.quarter, game,44370.62522,44370.65765,2802,6.1077,53,272.492,0.5792,0.0262,home,MF
44370,U23 FRIENDLY. (AA MIHRET FC),Player 9,1st.quarter, game,44370.62518,44370.65763,2803,5.845,46,233.3892,0.5924,0.1054,home,FB
44370,U23 FRIENDLY. (AA MIHRET FC),Player 60,1st.quarter, game,44370.62517,44370.65776,2816,5.4846,35,239.5059,0.4968,0.0685,home,CB
44370,U23 FRIENDLY. (AA MIHRET FC),Player 19,1st.quarter, game,44370.6256,44370.65767,2771,5.8922,60,270.5236,0.7928,0.1234,home,FW
44370,U23 FRIENDLY. (AA MIHRET FC),Player 66,1st.quarter, game,44370.62553,44370.65783,2790,5.6166,42,246.2666,0.5663,0.1149,home,FB
44370,U23 FRIENDLY. (AA MIHRET FC),Player 55,2nd.quarter, game,44370.68559,44370.70184,1403,2.8663,29,115.7349,0.3734,0.0711,home,FW
44370,U23 FRIENDLY. (AA MIHRET FC),Player 26,2nd.quarter, game,44370.66807,44370.70111,2855,5.1783,26,236.9467,0.3358,0.0574,home,CB
44370,U23 FRIENDLY. (AA MIHRET FC),Player 35,2nd.quarter, game,44370.66856,44370.70125,2825,5.4111,26,238.5398,0.2374,0.0057,home,MF
44370,U23 FRIENDLY. (AA MIHRET FC),Player 38,2nd.quarter, game,44370.66844,44370.70124,2834,5.4225,42,255.7582,0.545,0.1115,home,FB
44370,U23 FRIENDLY. (AA MIHRET FC),Player 36,2nd.quarter, game,44370.66873,44370.70111,2798,5.5293,37,255.3692,0.4872,0.092,home,FB
44370,U23 FRIENDLY. (AA MIHRET FC),Player 64,2nd.quarter, game,44370.66922,44370.7019,2824,5.9023,42,265.9818,0.6527,0.0832,home,FW
44370,U23 FRIENDLY. (AA MIHRET FC),Player 61,2nd.quarter, game,44370.66852,44370.70114,2818,6.717,42,319.9242,0.4406,0.0147,home,FB
44370,U23 FRIENDLY. (AA MIHRET FC),Player 43,2nd.quarter, game,44370.66835,44370.70115,2834,4.4826,22,190.7375,0.3695,0.1318,home,CB
44370,U23 FRIENDLY. (AA MIHRET FC),Player 49,2nd.quarter, game,44370.6684,44370.68544,1472,3.0861,25,134.8915,0.3411,0.0604,home,FW
44370,U23 FRIENDLY. (AA MIHRET FC),Player 62,2nd.quarter, game,44370.66839,44370.70164,2872,5.6074,33,276.955,0.2747,0.0036,home,MF
7/17/2021,U23 ETH VS ERITEREA I,Player 21,all, game,44394.67894,44394.72361,3859,5.8626,47,288.1694,0.5932,0.0202,home,MF
44394,U23 ETH VS ERITEREA I,Player 49,all, game,44394.63163,44394.6775,3964,5.658,44,257.3376,0.5531,0.0886,home,FW
44394,U23 ETH VS ERITEREA I,Player 18,all, game,44394.67894,44394.71861,3427,5.1438,39,247.6577,0.4649,0.1011,home,FW
44394,U23 ETH VS ERITEREA I,Player 19,all, game,44394.63162,44394.71837,7495,11.635,75,527.6824,0.9639,0.2078,home,FW
44394,U23 ETH VS ERITEREA I,Player 3,all, game,44394.63157,44394.68021,4202,4.5495,30,185.0188,0.4132,0.187,home,FW
44394,U23 ETH VS ERITEREA I,Player 1,all, game,44394.63163,44394.67745,3959,6.4416,58,270.1498,0.8182,0.0284,home,MF
44394,U23 ETH VS ERITEREA I,Player 61,all, game,44394.68797,44394.71656,2470,3.2977,19,150.0228,0.2422,0.0878,home,FB
44394,U23 ETH VS ERITEREA I,Player 36,all, game,44394.67762,44394.70747,2579,4.4019,25,225.6592,0.3486,0.0379,home,FB
44394,U23 ETH VS ERITEREA I,Player 52,all, game,44394.63162,44394.71817,7478,10.5864,74,513.0288,0.9934,0.2395,home,FB
44394,U23 ETH VS ERITEREA I,Player 35,all, game,44394.63137,44394.72484,8075,11.0746,69,542.2573,0.8355,0.0989,home,MF
44394,U23 ETH VS ERITEREA I,Player 56,all, game,44394.63158,44394.69086,5122,7.6947,53,322.5116,0.7108,0.1761,home,CB
44394,U23 ETH VS ERITEREA I,Player 62,all, game,44394.62755,44394.6731,3935,5.8492,38,280.8038,0.4819,0.0231,home,MF
44394,U23 ETH VS ERITEREA I,Player 21,game, game,44394.67952,44394.71397,2976,5.7113,47,273.5594,0.5932,0.0202,home,MF
44394,U23 ETH VS ERITEREA I,Player 49,game, game,44394.63788,44394.66971,2750,5.3792,43,230.8594,0.5374,0.0886,home,FW
44394,U23 ETH VS ERITEREA I,Player 18,game, game,44394.67902,44394.71383,3007,4.9488,39,239.8454,0.4601,0.1011,home,FW
44394,U23 ETH VS ERITEREA I,Player 19,game, game,44394.63759,44394.71409,5797,11.0624,74,491.1781,0.9493,0.1998,home,FW
44394,U23 ETH VS ERITEREA I,Player 3,game, game,44394.63789,44394.66905,2693,4.2695,30,170.7572,0.4132,0.187,home,FW
44394,U23 ETH VS ERITEREA I,Player 1,game, game,44394.63787,44394.66966,2747,5.9344,56,244.1938,0.7985,0.0284,home,MF
44394,U23 ETH VS ERITEREA I,Player 61,game, game,44394.6905,44394.7139,2021,2.9979,19,133.0141,0.2422,0.0878,home,FB
44394,U23 ETH VS ERITEREA I,Player 36,game, game,44394.6794,44394.70506,2217,4.1505,24,213.4454,0.3486,0.0379,home,FB
44394,U23 ETH VS ERITEREA I,Player 52,game, game,44394.63776,44394.71398,5751,10.1319,73,479.6346,0.9749,0.2395,home,FB
44394,U23 ETH VS ERITEREA I,Player 35,game, game,44394.63771,44394.71396,5747,10.3843,68,488.3917,0.8172,0.0967,home,MF
44394,U23 ETH VS ERITEREA I,Player 56,game, game,44394.63733,44394.69045,3787,7.2962,52,295.3515,0.6928,0.1733,home,CB
44394,U23 ETH VS ERITEREA I,Player 62,game, game,44394.63788,44394.67006,2781,5.4574,38,253.0993,0.4814,0.0231,home,MF
44394,U23 ETH VS ERITEREA I,Player 21,2nd.quarter, game,44394.67952,44394.71397,2976,5.7113,47,273.5594,0.5932,0.0202,home,MF
44394,U23 ETH VS ERITEREA I,Player 18,2nd.quarter, game,44394.67902,44394.71383,3007,4.9488,39,239.8454,0.4601,0.1011,home,FW
44394,U23 ETH VS ERITEREA I,Player 19,2nd.quarter, game,44394.67902,44394.71409,3030,5.3687,29,244.9023,0.3066,0.0469,home,FW
44394,U23 ETH VS ERITEREA I,Player 61,2nd.quarter, game,44394.6905,44394.7139,2021,2.9979,19,133.0141,0.2422,0.0878,home,FB
44394,U23 ETH VS ERITEREA I,Player 36,2nd.quarter, game,44394.6794,44394.70506,2217,4.1505,24,213.4454,0.3486,0.0379,home,FB
44394,U23 ETH VS ERITEREA I,Player 52,2nd.quarter, game,44394.67947,44394.71398,2982,4.9877,41,235.6521,0.5407,0.0829,home,FB
44394,U23 ETH VS ERITEREA I,Player 35,2nd.quarter, game,44394.67932,44394.71396,2993,5.1041,35,239.9732,0.4115,0.0338,home,MF
44394,U23 ETH VS ERITEREA I,Player 56,2nd.quarter, game,44394.67953,44394.69045,944,1.8734,12,76.076,0.1565,0.0437,home,CB
44394,U23 ETH VS ERITEREA I,Player 49,1st.quarter, game,44394.63788,44394.66971,2750,5.3792,43,230.8594,0.5374,0.0886,home,FW
44394,U23 ETH VS ERITEREA I,Player 19,1st.quarter, game,44394.63759,44394.66962,2767,5.6937,45,246.2758,0.6427,0.1529,home,FW
44394,U23 ETH VS ERITEREA I,Player 3,1st.quarter, game,44394.63789,44394.66905,2693,4.2695,30,170.7572,0.4132,0.187,home,FW
44394,U23 ETH VS ERITEREA I,Player 1,1st.quarter, game,44394.63787,44394.66966,2747,5.9344,56,244.1938,0.7985,0.0284,home,MF
44394,U23 ETH VS ERITEREA I,Player 52,1st.quarter, game,44394.63776,44394.66981,2769,5.1442,32,243.9825,0.4342,0.1565,home,FB
44394,U23 ETH VS ERITEREA I,Player 35,1st.quarter, game,44394.63771,44394.66958,2754,5.2802,33,248.4184,0.4056,0.0629,home,MF
44394,U23 ETH VS ERITEREA I,Player 56,1st.quarter, game,44394.63733,44394.67024,2843,5.4228,40,219.2755,0.5363,0.1295,home,CB
44394,U23 ETH VS ERITEREA I,Player 62,1st.quarter, game,44394.63788,44394.67006,2781,5.4574,38,253.0993,0.4814,0.0231,home,MF
44405,U23 ETH VS DR CONGO,Player 15,all, game,44405.48556,44405.57424,7662,8.8017,61,428.6273,0.6634,0.0218,home,MF
44405,U23 ETH VS DR CONGO,Player 44,all, game,44405.48558,44405.5738,7623,10.1313,60,469.3079,0.5153,0.1014,home,CB
44405,U23 ETH VS DR CONGO,Player 21,all, game,44405.48564,44405.57394,7629,11.7734,99,565.726,1.1192,0.0376,home,MF
44405,U23 ETH VS DR CONGO,Player 3,all, game,44405.48545,44405.57416,7665,10.3062,81,406.6984,1.0725,0.4227,home,FW
44405,U23 ETH VS DR CONGO,Player 62,all, game,44405.48567,44405.57374,7609,12.0092,75,559.2649,1.1359,0.1935,home,MF
44405,U23 ETH VS DR CONGO,Player 66,all, game,44405.48554,44405.57396,7639,8.046,54,377.0657,0.6523,0.1508,home,FB
44405,U23 ETH VS DR CONGO,Player 43,all, game,44405.48554,44405.57419,7660,10.1389,49,478.5867,0.594,0.1072,home,CB
44405,U23 ETH VS DR CONGO,Player 19,all, game,44405.48548,44405.57408,7655,10.5975,79,489.6508,1.167,0.1649,home,FW
44405,U23 ETH VS DR CONGO,Player 13,all, game,44405.48545,44405.57385,7638,10.7262,86,521.6434,1.0385,0.1696,home,FB
44405,U23 ETH VS DR CONGO,Player 24,all, game,44405.48563,44405.57404,7639,8.5833,60,453.6378,0.7804,0.1901,home,FW
44405,U23 ETH VS DR CONGO,Player 52,all, game,44405.54378,44405.57547,2738,3.6016,21,171.0173,0.3191,0.045,home,FB
44405,U23 ETH VS DR CONGO,Player 15,game, game,44405.49009,44405.54718,3883,8.2265,61,390.0882,0.6634,0.0218,home,MF
44405,U23 ETH VS DR CONGO,Player 44,game, game,44405.49035,44405.56808,5737,9.5309,60,426.9201,0.5147,0.1014,home,CB
44405,U23 ETH VS DR CONGO,Player 21,game, game,44405.49024,44405.56077,5083,10.9218,98,514.3169,1.1182,0.0376,home,MF
44405,U23 ETH VS DR CONGO,Player 3,game, game,44405.48999,44405.56862,5786,9.6012,81,375.3514,1.0725,0.4227,home,FW
44405,U23 ETH VS DR CONGO,Player 62,game, game,44405.49032,44405.56813,5755,11.2798,72,524.2733,1.1037,0.1892,home,MF
44405,U23 ETH VS DR CONGO,Player 66,game, game,44405.49027,44405.54515,3787,7.3775,53,337.6535,0.6389,0.1422,home,FB
44405,U23 ETH VS DR CONGO,Player 43,game, game,44405.49028,44405.56796,5696,9.4521,47,434.5741,0.5718,0.1072,home,CB
44405,U23 ETH VS DR CONGO,Player 19,game, game,44405.49027,44405.55989,5017,9.8697,79,447.0408,1.167,0.1649,home,FW
44405,U23 ETH VS DR CONGO,Player 13,game, game,44405.49016,44405.56822,5724,10.1775,86,486.427,1.0385,0.1696,home,FB
44405,U23 ETH VS DR CONGO,Player 24,game, game,44405.49024,44405.54468,3700,7.6822,60,371.2504,0.7804,0.1901,home,FW
44405,U23 ETH VS DR CONGO,Player 52,game, game,44405.54618,44405.56835,1915,3.2656,21,150.9812,0.3191,0.045,home,FB
44405,U23 ETH VS DR CONGO,Player 15,1st.quarter, game,44405.49009,44405.52219,2774,6.1402,44,291.2137,0.4755,0.0211,home,MF
44405,U23 ETH VS DR CONGO,Player 44,1st.quarter, game,44405.49035,44405.5223,2760,5.1043,33,235.1333,0.2573,0.0352,home,CB
44405,U23 ETH VS DR CONGO,Player 21,1st.quarter, game,44405.49024,44405.52256,2793,6.5474,63,308.5608,0.72,0.013,home,MF
44405,U23 ETH VS DR CONGO,Player 3,1st.quarter, game,44405.48999,44405.52294,2847,5.1478,44,198.298,0.5604,0.257,home,FW
44405,U23 ETH VS DR CONGO,Player 62,1st.quarter, game,44405.49032,44405.52228,2761,5.8872,35,273.7255,0.5961,0.127,home,MF
44405,U23 ETH VS DR CONGO,Player 66,1st.quarter, game,44405.49027,44405.52246,2782,5.5181,44,252.4842,0.538,0.1205,home,FB
44405,U23 ETH VS DR CONGO,Player 43,1st.quarter, game,44405.49028,44405.52237,2772,4.9547,21,233.923,0.21,0.012,home,CB
44405,U23 ETH VS DR CONGO,Player 19,1st.quarter, game,44405.49027,44405.52261,2794,5.9884,50,268.8942,0.7584,0.1035,home,FW
44405,U23 ETH VS DR CONGO,Player 13,1st.quarter, game,44405.49016,44405.52271,2812,5.2815,41,257.0796,0.4497,0.0783,home,FB
44405,U23 ETH VS DR CONGO,Player 24,1st.quarter, game,44405.49024,44405.5226,2796,5.9151,46,283.9036,0.631,0.1696,home,FW
44405,U23 ETH VS DR CONGO,Player 15,2nd.quarter, game,44405.53434,44405.54718,1109,2.0863,17,98.8745,0.188,0.0007,home,MF
44405,U23 ETH VS DR CONGO,Player 44,2nd.quarter, game,44405.53362,44405.56808,2977,4.4266,27,191.7869,0.2574,0.0662,home,CB
44405,U23 ETH VS DR CONGO,Player 21,2nd.quarter, game,44405.53426,44405.56077,2291,4.3744,35,205.7561,0.3982,0.0246,home,MF
44405,U23 ETH VS DR CONGO,Player 3,2nd.quarter, game,44405.5346,44405.56862,2939,4.4534,37,177.0534,0.5122,0.1657,home,FW
44405,U23 ETH VS DR CONGO,Player 62,2nd.quarter, game,44405.53347,44405.56813,2994,5.3926,37,250.5478,0.5076,0.0622,home,MF
44405,U23 ETH VS DR CONGO,Player 66,2nd.quarter, game,44405.53351,44405.54515,1005,1.8593,9,85.1694,0.1008,0.0216,home,FB
44405,U23 ETH VS DR CONGO,Player 43,2nd.quarter, game,44405.53412,44405.56796,2923,4.4974,26,200.651,0.3618,0.0952,home,CB
44405,U23 ETH VS DR CONGO,Player 19,2nd.quarter, game,44405.53416,44405.55989,2223,3.8814,29,178.1466,0.4086,0.0614,home,FW
44405,U23 ETH VS DR CONGO,Player 13,2nd.quarter, game,44405.53452,44405.56822,2912,4.896,45,229.3474,0.5887,0.0912,home,FB
44405,U23 ETH VS DR CONGO,Player 24,2nd.quarter, game,44405.53422,44405.54468,904,1.7671,14,87.3467,0.1494,0.0205,home,FW
44405,U23 ETH VS DR CONGO,Player 52,2nd.quarter, game,44405.54618,44405.56835,1915,3.2656,21,150.9812,0.3191,0.045,home,FB
6/5/2022,Malawi vs Eth,Player 63,all, game afcon-2o23-lilengo,44717.62107,44717.71041,7719,11.9309,75,496.1277,0.7184,0.191,away,CB
6/5/2022,Malawi vs Eth,Player 8,all, game afcon-2o23-lilengo,44717.62099,44717.70824,7538,8.8213,84,387.1225,1.2731,0.1313,away,FW
6/5/2022,Malawi vs Eth,Player 47,all, game afcon-2o23-lilengo,44717.62095,44717.7144,8074,11.314,46,544.4206,0.4677,0.1783,away,CB
6/5/2022,Malawi vs Eth,Player 6,all, game afcon-2o23-lilengo,44717.62107,44717.6555,2975,5.6712,46,250.8339,0.6047,0.0576,away,MF
6/5/2022,Malawi vs Eth,Player 20,all, game afcon-2o23-lilengo,44717.62107,44717.70057,6869,9.3874,79,417.9482,0.7927,0.2435,away,FW
6/5/2022,Malawi vs Eth,Player 13,all, game afcon-2o23-lilengo,44717.62122,44717.6975,6590,10.2972,89,505.8301,1.2244,0.1209,away,FB
6/5/2022,Malawi vs Eth,Player 58,all, game afcon-2o23-lilengo,44717.62095,44717.66553,3851,5.8545,46,255.3028,0.5906,0.0886,away,MF
6/5/2022,Malawi vs Eth,Player 46,all, game afcon-2o23-lilengo,44717.62096,44717.66523,3825,6.2247,43,265.4836,0.566,0.0328,away,MF
6/5/2022,Malawi vs Eth,Player 52,all, game afcon-2o23-lilengo,44717.62114,44717.70815,7517,12.2574,105,586.5177,1.2734,0.2397,away,FB
6/5/2022,Malawi vs Eth,Player 3,all, game afcon-2o23-lilengo,44717.62146,44717.70822,7496,9.8778,75,389.113,0.8654,0.1867,away,FW
6/5/2022,Malawi vs Eth,Player 63,game, game afcon-2o23-lilengo,44717.62492,44717.70208,5762,10.8914,74,455.458,0.7158,0.191,away,CB
6/5/2022,Malawi vs Eth,Player 8,game, game afcon-2o23-lilengo,44717.62505,44717.68296,4103,8.1268,84,357.3678,1.2731,0.1313,away,FW
6/5/2022,Malawi vs Eth,Player 47,game, game afcon-2o23-lilengo,44717.62504,44717.70209,5817,10.0127,46,506.2067,0.4672,0.1783,away,CB
6/5/2022,Malawi vs Eth,Player 6,game, game afcon-2o23-lilengo,44717.62509,44717.6554,2619,5.5015,45,240.9147,0.6026,0.0576,away,MF
6/5/2022,Malawi vs Eth,Player 20,game, game afcon-2o23-lilengo,44717.62502,44717.69236,4931,8.6951,78,389.8629,0.7895,0.2435,away,FW
6/5/2022,Malawi vs Eth,Player 13,game, game afcon-2o23-lilengo,44717.62494,44717.69306,4990,9.5974,89,473.0949,1.2244,0.1209,away,FB
6/5/2022,Malawi vs Eth,Player 58,game, game afcon-2o23-lilengo,44717.625,44717.6583,2877,5.4711,46,239.0234,0.5906,0.0886,away,MF
6/5/2022,Malawi vs Eth,Player 46,game, game afcon-2o23-lilengo,44717.62497,44717.65835,2883,5.9484,43,253.1747,0.566,0.0328,away,MF
6/5/2022,Malawi vs Eth,Player 52,game, game afcon-2o23-lilengo,44717.62502,44717.70203,5747,11.3686,105,547.4972,1.2734,0.2397,away,FB
6/5/2022,Malawi vs Eth,Player 3,game, game afcon-2o23-lilengo,44717.62497,44717.70212,5762,9.0859,75,358.0741,0.8654,0.1867,away,FW
6/5/2022,Malawi vs Eth,Player 63,1st.quarter, game afcon-2o23-lilengo,44717.62492,44717.65832,2885,5.2988,31,223.0733,0.2718,0.0838,away,CB
6/5/2022,Malawi vs Eth,Player 8,1st.quarter, game afcon-2o23-lilengo,44717.62505,44717.65827,2870,5.3427,59,237.6891,0.8713,0.1057,away,FW
6/5/2022,Malawi vs Eth,Player 47,1st.quarter, game afcon-2o23-lilengo,44717.62504,44717.65896,2931,5.0679,21,254.1565,0.2336,0.0917,away,CB
6/5/2022,Malawi vs Eth,Player 6,1st.quarter, game afcon-2o23-lilengo,44717.62509,44717.6554,2619,5.5015,45,240.9147,0.6026,0.0576,away,MF
6/5/2022,Malawi vs Eth,Player 20,1st.quarter, game afcon-2o23-lilengo,44717.62502,44717.65839,2884,5.0339,44,229.7963,0.4222,0.0755,away,FW
6/5/2022,Malawi vs Eth,Player 13,1st.quarter, game afcon-2o23-lilengo,44717.62494,44717.65838,2889,5.1633,49,253.2033,0.6817,0.0734,away,FB
6/5/2022,Malawi vs Eth,Player 58,1st.quarter, game afcon-2o23-lilengo,44717.625,44717.6583,2877,5.4711,46,239.0234,0.5906,0.0886,away,MF
6/5/2022,Malawi vs Eth,Player 46,1st.quarter, game afcon-2o23-lilengo,44717.62497,44717.65835,2883,5.9484,43,253.1747,0.566,0.0328,away,MF
6/5/2022,Malawi vs Eth,Player 52,1st.quarter, game afcon-2o23-lilengo,44717.62502,44717.65832,2878,5.5157,50,268.2775,0.576,0.1038,away,FB
6/5/2022,Malawi vs Eth,Player 3,1st.quarter, game afcon-2o23-lilengo,44717.62497,44717.65837,2886,4.3478,29,167.2036,0.4358,0.1332,away,FW
6/5/2022,Malawi vs Eth,Player 63,2nd.quarter, game afcon-2o23-lilengo,44717.66879,44717.70208,2876,5.5926,43,232.3847,0.444,0.1072,away,CB
6/5/2022,Malawi vs Eth,Player 8,2nd.quarter, game afcon-2o23-lilengo,44717.66869,44717.68296,1232,2.7842,25,119.6786,0.4018,0.0256,away,FW
6/5/2022,Malawi vs Eth,Player 47,2nd.quarter, game afcon-2o23-lilengo,44717.66868,44717.70209,2886,4.9448,25,252.0502,0.2336,0.0866,away,CB
6/5/2022,Malawi vs Eth,Player 20,2nd.quarter, game afcon-2o23-lilengo,44717.66867,44717.69236,2048,3.6612,34,160.0666,0.3673,0.168,away,FW
6/5/2022,Malawi vs Eth,Player 13,2nd.quarter, game afcon-2o23-lilengo,44717.66874,44717.69306,2101,4.434,40,219.8915,0.5428,0.0475,away,FB
6/5/2022,Malawi vs Eth,Player 52,2nd.quarter, game afcon-2o23-lilengo,44717.66882,44717.70203,2869,5.8529,55,279.2197,0.6974,0.1359,away,FB
6/5/2022,Malawi vs Eth,Player 3,2nd.quarter, game afcon-2o23-lilengo,44717.66883,44717.70212,2877,4.7381,46,190.8705,0.4296,0.0535,away,FW
44375,June 28 2021 Friendly game,Player 21,all, game Friendly,44375.42149,44375.47144,4316,6.7774,45,322.7037,0.4462,0.0072,home,MF
44375,June 28 2021 Friendly game,Player 36,all, game Friendly,44375.4219,44375.4735,4458,6.6943,41,320.4549,0.369,0.0103,home,FB
44375,June 28 2021 Friendly game,Player 64,all, game Friendly,44375.50116,44375.52715,2245,4.2698,33,188.7611,0.3211,0.1276,home,FW
44375,June 28 2021 Friendly game,Player 15,all, game Friendly,44375.47746,44375.52625,4215,7.4772,56,332.8197,0.6018,0.0519,home,MF
44375,June 28 2021 Friendly game,Player 66,all, game Friendly,44375.42285,44375.47397,4416,6.7147,46,284.2023,0.574,0.141,home,FB
44375,June 28 2021 Friendly game,Player 45,all, game Friendly,44375.42121,44375.47391,4553,7.929,54,358.1049,0.6206,0.1562,home,FW
44375,June 28 2021 Friendly game,Player 62,all, game Friendly,44375.4279,44375.52713,8573,7.2824,47,340.012,0.4871,0.0638,home,MF
44375,June 28 2021 Friendly game,Player 55,all, game Friendly,44375.47746,44375.52595,4189,6.2768,41,250.9617,0.4635,0.0277,home,FW
44375,June 28 2021 Friendly game,Player 38,all, game Friendly,44375.47755,44375.52615,4198,7.1199,62,327.4325,0.8561,0.0489,home,FB
44375,June 28 2021 Friendly game,Player 56,all, game Friendly,44375.42174,44375.47338,4461,6.2346,30,265.1882,0.3867,0.1022,home,CB
44375,June 28 2021 Friendly game,Player 60,all, game Friendly,44375.47697,44375.52608,4243,6.7996,26,310.042,0.3984,0.0301,home,CB
44375,June 28 2021 Friendly game,Player 18,all, game Friendly,44375.46436,44375.50244,3290,4.3172,31,212.9687,0.3289,0.0405,home,FW
44375,June 28 2021 Friendly game,Player 9,all, game Friendly,44375.47755,44375.50236,2143,3.7086,29,146.4418,0.4397,0.016,home,FB
44375,June 28 2021 Friendly game,Player 26,all, game Friendly,44375.47767,44375.52653,4221,6.9547,43,328.2396,0.5368,0.0732,home,CB
44375,June 28 2021 Friendly game,Player 24,all, game Friendly,44375.4983,44375.52581,2377,4.1771,35,205.1461,0.4696,0.0974,home,FW
44375,June 28 2021 Friendly game,Player 1,all, game Friendly,44375.42218,44375.47379,4459,7.5916,74,322.2241,0.8176,0.0783,home,MF
44375,June 28 2021 Friendly game,Player 35,all, game Friendly,44375.42156,44375.47376,4510,6.7552,39,304.7822,0.3918,0.0232,home,MF
44375,June 28 2021 Friendly game,Player 19,all, game Friendly,44375.42163,44375.47329,4463,6.9449,56,304.9048,0.666,0.1069,home,FW
44375,June 28 2021 Friendly game,Player 49,all, game Friendly,44375.47781,44375.52594,4158,7.4078,52,324.5596,0.6068,0.1305,home,FW
44375,June 28 2021 Friendly game,Player 61,all, game Friendly,44375.40489,44375.52631,10491,8.5077,60,409.3733,0.5973,0.0501,home,FB
44375,June 28 2021 Friendly game,Player 43,all, game Friendly,44375.422,44375.4735,4450,6.1391,29,262.571,0.3425,0.1136,home,CB
44375,June 28 2021 Friendly game,Player 21,game, game Friendly,44375.42708,44375.52325,3609,6.6452,45,308.3003,0.4462,0.0072,home,MF
44375,June 28 2021 Friendly game,Player 36,game, game Friendly,44375.42708,44375.52325,3609,6.5056,41,304.8482,0.369,0.0103,home,FB
44375,June 28 2021 Friendly game,Player 64,game, game Friendly,44375.42708,44375.52325,1908,3.9255,32,172.8502,0.3118,0.1276,home,FW
44375,June 28 2021 Friendly game,Player 15,game, game Friendly,44375.42708,44375.52325,3701,6.9543,54,308.5471,0.5976,0.0519,home,MF
44375,June 28 2021 Friendly game,Player 66,game, game Friendly,44375.42708,44375.52325,3609,6.4702,46,266.2577,0.574,0.141,home,FB
44375,June 28 2021 Friendly game,Player 45,game, game Friendly,44375.42708,44375.52325,3609,7.6256,54,335.5089,0.6206,0.1562,home,FW
44375,June 28 2021 Friendly game,Player 62,game, game Friendly,44375.42708,44375.52325,7239,6.5835,45,302.6142,0.4745,0.0638,home,MF
44375,June 28 2021 Friendly game,Player 55,game, game Friendly,44375.48046,44375.52372,3738,5.8205,40,231.0337,0.4484,0.0277,home,FW
44375,June 28 2021 Friendly game,Player 38,game, game Friendly,44375.42708,44375.52325,3701,6.6027,61,304.6175,0.8524,0.0489,home,FB
44375,June 28 2021 Friendly game,Player 56,game, game Friendly,44375.42731,44375.46828,3540,5.9592,30,248.7191,0.3867,0.1022,home,CB
44375,June 28 2021 Friendly game,Player 60,game, game Friendly,44375.48085,44375.52355,3689,6.1608,26,277.2495,0.3969,0.0301,home,CB
44375,June 28 2021 Friendly game,Player 18,game, game Friendly,44375.42708,44375.52325,2290,3.808,31,180.3408,0.3289,0.0405,home,FW
44375,June 28 2021 Friendly game,Player 9,game, game Friendly,44375.42708,44375.52325,1896,3.4892,29,137.5402,0.4397,0.016,home,FB
44375,June 28 2021 Friendly game,Player 26,game, game Friendly,44375.42708,44375.52325,3701,6.3568,43,297.6669,0.5357,0.0732,home,CB
44375,June 28 2021 Friendly game,Player 24,game, game Friendly,44375.42708,44375.52325,2156,3.8138,32,190.0809,0.4598,0.0974,home,FW
44375,June 28 2021 Friendly game,Player 1,game, game Friendly,44375.42708,44375.52325,3609,7.3814,74,307.8615,0.8176,0.0783,home,MF
44375,June 28 2021 Friendly game,Player 35,game, game Friendly,44375.42748,44375.46844,3539,6.48,39,282.1191,0.3918,0.0232,home,MF
44375,June 28 2021 Friendly game,Player 19,game, game Friendly,44375.42708,44375.52325,3609,6.7452,56,287.7,0.666,0.1069,home,FW
44375,June 28 2021 Friendly game,Player 49,game, game Friendly,44375.42708,44375.52325,3701,6.8797,50,297.7796,0.583,0.1305,home,FW
44375,June 28 2021 Friendly game,Player 61,game, game Friendly,44375.48042,44375.52365,3735,7.7812,58,360.7648,0.5727,0.0501,home,FB
44375,June 28 2021 Friendly game,Player 43,game, game Friendly,44375.42708,44375.52325,3609,5.8699,29,243.3603,0.3425,0.1136,home,CB
44375,June 28 2021 Friendly game,Player 21,1st.quarter, game Friendly,44375.42708,44375.46885,3609,6.6452,45,308.3003,0.4462,0.0072,home,MF
44375,June 28 2021 Friendly game,Player 36,1st.quarter, game Friendly,44375.42708,44375.46885,3609,6.5056,41,304.8482,0.369,0.0103,home,FB
44375,June 28 2021 Friendly game,Player 64,1st.quarter, game Friendly,44375.42708,44375.46885,0,0,0,0.0103,0,0,home,FW
44375,June 28 2021 Friendly game,Player 15,1st.quarter, game Friendly,44375.42708,44375.46885,0,0,0,0.003,0,0,home,MF
44375,June 28 2021 Friendly game,Player 66,1st.quarter, game Friendly,44375.42708,44375.46885,3609,6.4702,46,266.2577,0.574,0.141,home,FB
44375,June 28 2021 Friendly game,Player 45,1st.quarter, game Friendly,44375.42708,44375.46885,3609,7.6256,54,335.5089,0.6206,0.1562,home,FW
44375,June 28 2021 Friendly game,Player 62,1st.quarter, game Friendly,44375.42708,44375.46885,3538,0.0298,0,4.4401,0,0,home,MF
44375,June 28 2021 Friendly game,Player 38,1st.quarter, game Friendly,44375.42708,44375.46885,0,0,0,0.0042,0,0,home,FB
44375,June 28 2021 Friendly game,Player 56,1st.quarter, game Friendly,44375.42731,44375.46828,3540,5.9592,30,248.7191,0.3867,0.1022,home,CB
44375,June 28 2021 Friendly game,Player 18,1st.quarter, game Friendly,44375.42708,44375.46885,388,0.4388,3,21.8605,0.0199,0,home,FW
44375,June 28 2021 Friendly game,Player 9,1st.quarter, game Friendly,44375.42708,44375.46885,0,0,0,0.0034,0,0,home,FB
44375,June 28 2021 Friendly game,Player 26,1st.quarter, game Friendly,44375.42708,44375.46885,0,0,0,0.0196,0,0,home,CB
44375,June 28 2021 Friendly game,Player 24,1st.quarter, game Friendly,44375.42708,44375.46885,0,0,0,0.0026,0,0,home,FW
44375,June 28 2021 Friendly game,Player 1,1st.quarter, game Friendly,44375.42708,44375.46885,3609,7.3814,74,307.8615,0.8176,0.0783,home,MF
44375,June 28 2021 Friendly game,Player 35,1st.quarter, game Friendly,44375.42748,44375.46844,3539,6.48,39,282.1191,0.3918,0.0232,home,MF
44375,June 28 2021 Friendly game,Player 19,1st.quarter, game Friendly,44375.42708,44375.46885,3609,6.7452,56,287.7,0.666,0.1069,home,FW
44375,June 28 2021 Friendly game,Player 49,1st.quarter, game Friendly,44375.42708,44375.46885,0,0,0,0.0032,0,0,home,FW
44375,June 28 2021 Friendly game,Player 43,1st.quarter, game Friendly,44375.42708,44375.46885,3609,5.8699,29,243.3603,0.3425,0.1136,home,CB
44375,June 28 2021 Friendly game,Player 21,2nd.quarter, game Friendly,44375.48042,44375.52325,0,0,0,0,0,0,home,MF
44375,June 28 2021 Friendly game,Player 36,2nd.quarter, game Friendly,44375.48042,44375.52325,0,0,0,0,0,0,home,FB
44375,June 28 2021 Friendly game,Player 64,2nd.quarter, game Friendly,44375.48042,44375.52325,1908,3.9255,32,172.8398,0.3118,0.1276,home,FW
44375,June 28 2021 Friendly game,Player 15,2nd.quarter, game Friendly,44375.48042,44375.52325,3701,6.9543,54,308.5442,0.5976,0.0519,home,MF
44375,June 28 2021 Friendly game,Player 66,2nd.quarter, game Friendly,44375.48042,44375.52325,0,0,0,0,0,0,home,FB
44375,June 28 2021 Friendly game,Player 45,2nd.quarter, game Friendly,44375.48042,44375.52325,0,0,0,0,0,0,home,FW
44375,June 28 2021 Friendly game,Player 62,2nd.quarter, game Friendly,44375.48042,44375.52325,3701,6.5537,45,298.1741,0.4745,0.0638,home,MF
44375,June 28 2021 Friendly game,Player 55,2nd.quarter, game Friendly,44375.48046,44375.52372,3738,5.8205,40,231.0337,0.4484,0.0277,home,FW
44375,June 28 2021 Friendly game,Player 38,2nd.quarter, game Friendly,44375.48042,44375.52325,3701,6.6027,61,304.6133,0.8524,0.0489,home,FB
44375,June 28 2021 Friendly game,Player 60,2nd.quarter, game Friendly,44375.48085,44375.52355,3689,6.1608,26,277.2495,0.3969,0.0301,home,CB
44375,June 28 2021 Friendly game,Player 18,2nd.quarter, game Friendly,44375.48042,44375.52325,1903,3.3691,28,158.4803,0.309,0.0405,home,FW
44375,June 28 2021 Friendly game,Player 9,2nd.quarter, game Friendly,44375.48042,44375.52325,1896,3.4892,29,137.5368,0.4397,0.016,home,FB
44375,June 28 2021 Friendly game,Player 26,2nd.quarter, game Friendly,44375.48042,44375.52325,3701,6.3568,43,297.6473,0.5357,0.0732,home,CB
44375,June 28 2021 Friendly game,Player 24,2nd.quarter, game Friendly,44375.48042,44375.52325,2156,3.8138,32,190.0783,0.4598,0.0974,home,FW
44375,June 28 2021 Friendly game,Player 1,2nd.quarter, game Friendly,44375.48042,44375.52325,0,0,0,0,0,0,home,MF
44375,June 28 2021 Friendly game,Player 19,2nd.quarter, game Friendly,44375.48042,44375.52325,0,0,0,0,0,0,home,FW
44375,June 28 2021 Friendly game,Player 49,2nd.quarter, game Friendly,44375.48042,44375.52325,3701,6.8797,50,297.7764,0.583,0.1305,home,FW
44375,June 28 2021 Friendly game,Player 61,2nd.quarter, game Friendly,44375.48042,44375.52365,3735,7.7812,58,360.7648,0.5727,0.0501,home,FB
44375,June 28 2021 Friendly game,Player 43,2nd.quarter, game Friendly,44375.48042,44375.52325,0,0,0,0,0,0,home,CB
17/03/2021,Game Eth Vs Malawi 17032021,Player 58,all, game,44272.7176,44272.94106,19307,6.4752,48,291.4451,0.6832,0.0818,home,MF
44272,Game Eth Vs Malawi 17032021,Player 3,all, game,44272.71635,44272.94168,19468,5.8843,55,250.1187,0.6934,0.201,home,FW
44272,Game Eth Vs Malawi 17032021,Player 30,all, game,44272.73232,44272.94123,18050,4.2662,44,184.5519,0.5839,0.151,home,FB
44272,Game Eth Vs Malawi 17032021,Player 32,all, game,44272.67014,44272.71727,4072,5.2427,38,210.2391,0.4434,0.0904,home,FW
44272,Game Eth Vs Malawi 17032021,Player 8,all, game,44272.67044,44272.94064,23345,8.9743,81,412.074,1.1647,0.2139,home,FW
44272,Game Eth Vs Malawi 17032021,Player 63,all, game,44272.67029,44272.83176,13951,12.2045,86,511.9779,0.9891,0.2017,home,CB
44272,Game Eth Vs Malawi 17032021,Player 54,all, game,44272.67051,44272.73358,5449,8.3102,59,411.0774,0.6187,0.0129,home,MF
44272,Game Eth Vs Malawi 17032021,Player 35,all, game,44272.67039,44272.7076,3215,6.0382,44,268.235,0.3953,0.0251,home,MF
44272,Game Eth Vs Malawi 17032021,Player 65,all, game,44272.64552,44272.91564,23339,6.9097,44,338.0827,0.4855,0.0693,home,MF
44272,Game Eth Vs Malawi 17032021,Player 53,all, game,44272.67039,44272.93575,22927,6.0457,53,289.5382,0.6271,0.0771,home,FB
44272,Game Eth Vs Malawi 17032021,Player 13,all, game,44272.67038,44272.94178,23448,11.7888,101,564.5656,1.3399,0.2104,home,FB
44272,Game Eth Vs Malawi 17032021,Player 46,all, game,44272.67017,44272.71686,4034,5.9481,49,251.2101,0.458,0.0331,home,MF
44272,Game Eth Vs Malawi 17032021,Player 11,all, game,44272.67038,44272.94016,23309,11.1504,65,504.206,0.7297,0.1043,home,CB
44272,Game Eth Vs Malawi 17032021,Player 51,all, game,44272.71635,44272.9427,19557,5.9245,45,283.1027,0.551,0.182,home,FW
44272,Game Eth Vs Malawi 17032021,Player 58,game, game,44272.6736,44272.75282,2961,5.8447,45,247.3628,0.6441,0.0804,home,MF
44272,Game Eth Vs Malawi 17032021,Player 3,game, game,44272.6736,44272.75282,2961,5.2634,53,211.3925,0.6699,0.1765,home,FW
44272,Game Eth Vs Malawi 17032021,Player 32,game, game,44272.6736,44272.75282,2988,5.199,38,202.9809,0.4434,0.0904,home,FW
44272,Game Eth Vs Malawi 17032021,Player 8,game, game,44272.6736,44272.70818,2988,5.7435,53,252.9319,0.7511,0.1298,home,FW
44272,Game Eth Vs Malawi 17032021,Player 63,game, game,44272.6736,44272.75282,5949,11.3733,86,461.5687,0.9891,0.2017,home,CB
44272,Game Eth Vs Malawi 17032021,Player 54,game, game,44272.6736,44272.75282,4287,8.0623,59,390.0379,0.6187,0.0129,home,MF
44272,Game Eth Vs Malawi 17032021,Player 35,game, game,44272.6736,44272.75282,2938,5.9918,44,264.7694,0.3953,0.0251,home,MF
44272,Game Eth Vs Malawi 17032021,Player 65,game, game,44272.6736,44272.75282,5949,6.1527,43,269.6959,0.4835,0.0693,home,MF
44272,Game Eth Vs Malawi 17032021,Player 53,game, game,44272.6736,44272.75282,5949,5.6393,53,258.2823,0.6271,0.0771,home,FB
44272,Game Eth Vs Malawi 17032021,Player 13,game, game,44272.6736,44272.75282,5949,11.1639,101,520.1311,1.3399,0.2104,home,FB
44272,Game Eth Vs Malawi 17032021,Player 46,game, game,44272.6743,44272.70711,2834,5.7652,49,239.8984,0.458,0.0331,home,MF
44272,Game Eth Vs Malawi 17032021,Player 11,game, game,44272.6736,44272.75282,5949,10.4269,65,456.6707,0.7297,0.1043,home,CB
44272,Game Eth Vs Malawi 17032021,Player 51,game, game,44272.6736,44272.75282,2961,5.3483,44,242.7665,0.5299,0.171,home,FW
44272,Game Eth Vs Malawi 17032021,Player 58,1st.quarter, game,44272.6736,44272.70818,0,0,0,0.002,0,0,home,MF
44272,Game Eth Vs Malawi 17032021,Player 3,1st.quarter, game,44272.6736,44272.70818,0,0,0,0.0025,0,0,home,FW
44272,Game Eth Vs Malawi 17032021,Player 32,1st.quarter, game,44272.6736,44272.70818,2988,5.199,38,202.9809,0.4434,0.0904,home,FW
44272,Game Eth Vs Malawi 17032021,Player 8,1st.quarter, game,44272.6736,44272.70818,2988,5.7435,53,252.9319,0.7511,0.1298,home,FW
44272,Game Eth Vs Malawi 17032021,Player 63,1st.quarter, game,44272.6736,44272.70818,2988,5.8253,43,236.6408,0.5347,0.0789,home,CB
44272,Game Eth Vs Malawi 17032021,Player 54,1st.quarter, game,44272.6736,44272.70818,2988,5.8671,46,279.1316,0.4862,0.0101,home,MF
44272,Game Eth Vs Malawi 17032021,Player 35,1st.quarter, game,44272.6736,44272.70818,2938,5.9918,44,264.7694,0.3953,0.0251,home,MF
44272,Game Eth Vs Malawi 17032021,Player 65,1st.quarter, game,44272.6736,44272.70818,2988,0.0297,0,1.6651,0,0,home,MF
44272,Game Eth Vs Malawi 17032021,Player 53,1st.quarter, game,44272.6736,44272.70818,2988,5.6379,53,257.6747,0.6271,0.0771,home,FB
44272,Game Eth Vs Malawi 17032021,Player 13,1st.quarter, game,44272.6736,44272.70818,2988,5.7207,46,267.478,0.6483,0.1264,home,FB
44272,Game Eth Vs Malawi 17032021,Player 46,1st.quarter, game,44272.6743,44272.70711,2834,5.7652,49,239.8984,0.458,0.0331,home,MF
44272,Game Eth Vs Malawi 17032021,Player 11,1st.quarter, game,44272.6736,44272.70818,2988,5.4212,33,235.5962,0.3486,0.0273,home,CB
44272,Game Eth Vs Malawi 17032021,Player 51,1st.quarter, game,44272.6736,44272.70818,0,0,0,0.0024,0,0,home,FW
44272,Game Eth Vs Malawi 17032021,Player 58,2nd.quarter, game,44272.71855,44272.75282,2961,5.8447,45,247.3608,0.6366,0.0804,home,MF
44272,Game Eth Vs Malawi 17032021,Player 3,2nd.quarter, game,44272.71855,44272.75282,2961,5.2634,53,211.39,0.6699,0.1765,home,FW
44272,Game Eth Vs Malawi 17032021,Player 32,2nd.quarter, game,44272.71855,44272.75282,0,0,0,0,0,0,home,FW
44272,Game Eth Vs Malawi 17032021,Player 63,2nd.quarter, game,44272.71855,44272.75282,2961,5.548,43,224.9279,0.4545,0.1228,home,CB
44272,Game Eth Vs Malawi 17032021,Player 54,2nd.quarter, game,44272.71855,44272.75282,1299,2.1952,13,110.9063,0.1326,0.0028,home,MF
44272,Game Eth Vs Malawi 17032021,Player 35,2nd.quarter, game,44272.71855,44272.75282,0,0,0,0,0,0,home,MF
44272,Game Eth Vs Malawi 17032021,Player 65,2nd.quarter, game,44272.71855,44272.75282,2961,6.123,43,268.0308,0.4835,0.0693,home,MF
44272,Game Eth Vs Malawi 17032021,Player 53,2nd.quarter, game,44272.71855,44272.75282,2961,0.0014,0,0.6076,0,0,home,FB
44272,Game Eth Vs Malawi 17032021,Player 13,2nd.quarter, game,44272.71855,44272.75282,2961,5.4432,55,252.6531,0.6916,0.084,home,FB
44272,Game Eth Vs Malawi 17032021,Player 11,2nd.quarter, game,44272.71855,44272.75282,2961,5.0057,32,221.0746,0.3811,0.0771,home,CB
44272,Game Eth Vs Malawi 17032021,Player 51,2nd.quarter, game,44272.71855,44272.75282,2961,5.3483,44,242.764,0.5299,0.171,home,FW
44272,Game Eth Vs Malawi 17032021,Player 30,played-2nd half 30, game,44272.73253,44272.75333,1797,3.8491,44,161.8586,0.5839,0.151,home,FB
44272,Game Eth Vs Malawi 17032021,Player 8,2nd-half changed a, game,44272.7161,44272.73256,1422,2.678,26,119.3092,0.3867,0.0841,home,FW
44272,Game Eth Vs Malawi 17032021,Player 58,all, game Friendly,44272.7176,44272.94106,19307,6.4752,48,291.4451,0.6832,0.0818,home,MF
44272,Game Eth Vs Malawi 17032021,Player 3,all, game Friendly,44272.71635,44272.94168,19468,5.8843,55,250.1187,0.6934,0.201,home,FW
44272,Game Eth Vs Malawi 17032021,Player 30,all, game Friendly,44272.73232,44272.94123,18050,4.2662,44,184.5519,0.5839,0.151,home,FB
44272,Game Eth Vs Malawi 17032021,Player 32,all, game Friendly,44272.67014,44272.71727,4072,5.2427,38,210.2391,0.4434,0.0904,home,FW
44272,Game Eth Vs Malawi 17032021,Player 8,all, game Friendly,44272.67044,44272.94064,23345,8.9743,81,412.074,1.1647,0.2139,home,FW
44272,Game Eth Vs Malawi 17032021,Player 63,all, game Friendly,44272.67029,44272.83176,13951,12.2045,86,511.9779,0.9891,0.2017,home,CB
44272,Game Eth Vs Malawi 17032021,Player 54,all, game Friendly,44272.67051,44272.73358,5449,8.3102,59,411.0774,0.6187,0.0129,home,MF
44272,Game Eth Vs Malawi 17032021,Player 35,all, game Friendly,44272.67039,44272.7076,3215,6.0382,44,268.235,0.3953,0.0251,home,MF
44272,Game Eth Vs Malawi 17032021,Player 65,all, game Friendly,44272.64552,44272.91564,23339,6.9097,44,338.0827,0.4855,0.0693,home,MF
44272,Game Eth Vs Malawi 17032021,Player 53,all, game Friendly,44272.67039,44272.93575,22927,6.0457,53,289.5382,0.6271,0.0771,home,FB
44272,Game Eth Vs Malawi 17032021,Player 13,all, game Friendly,44272.67038,44272.94178,23448,11.7888,101,564.5656,1.3399,0.2104,home,FB
44272,Game Eth Vs Malawi 17032021,Player 46,all, game Friendly,44272.67017,44272.71686,4034,5.9481,49,251.2101,0.458,0.0331,home,MF
44272,Game Eth Vs Malawi 17032021,Player 11,all, game Friendly,44272.67038,44272.94016,23309,11.1504,65,504.206,0.7297,0.1043,home,CB
44272,Game Eth Vs Malawi 17032021,Player 51,all, game Friendly,44272.71635,44272.9427,19557,5.9245,45,283.1027,0.551,0.182,home,FW
44272,Game Eth Vs Malawi 17032021,Player 58,game, game Friendly,44272.6736,44272.75282,2961,5.8447,45,247.3628,0.6441,0.0804,home,MF
44272,Game Eth Vs Malawi 17032021,Player 3,game, game Friendly,44272.6736,44272.75282,2961,5.2634,53,211.3925,0.6699,0.1765,home,FW
44272,Game Eth Vs Malawi 17032021,Player 32,game, game Friendly,44272.6736,44272.75282,2988,5.199,38,202.9809,0.4434,0.0904,home,FW
44272,Game Eth Vs Malawi 17032021,Player 8,game, game Friendly,44272.6736,44272.70818,2988,5.7435,53,252.9319,1.1378,0.2139,home,FW
44272,Game Eth Vs Malawi 17032021,Player 63,game, game Friendly,44272.6736,44272.75282,5949,11.3733,86,461.5687,0.9891,0.2017,home,CB
44272,Game Eth Vs Malawi 17032021,Player 54,game, game Friendly,44272.6736,44272.75282,4287,8.0623,59,390.0379,0.6187,0.0129,home,MF
44272,Game Eth Vs Malawi 17032021,Player 35,game, game Friendly,44272.6736,44272.75282,2938,5.9918,44,264.7694,0.3953,0.0251,home,MF
44272,Game Eth Vs Malawi 17032021,Player 65,game, game Friendly,44272.6736,44272.75282,5949,6.1527,43,269.6959,0.4835,0.0693,home,MF
44272,Game Eth Vs Malawi 17032021,Player 53,game, game Friendly,44272.6736,44272.75282,5949,5.6393,53,258.2823,0.6271,0.0771,home,FB
44272,Game Eth Vs Malawi 17032021,Player 13,game, game Friendly,44272.6736,44272.75282,5949,11.1639,101,520.1311,1.3399,0.2104,home,FB
44272,Game Eth Vs Malawi 17032021,Player 46,game, game Friendly,44272.6743,44272.70711,2834,5.7652,49,239.8984,0.458,0.0331,home,MF
44272,Game Eth Vs Malawi 17032021,Player 11,game, game Friendly,44272.6736,44272.75282,5949,10.4269,65,456.6707,0.7297,0.1043,home,CB
44272,Game Eth Vs Malawi 17032021,Player 51,game, game Friendly,44272.6736,44272.75282,2961,5.3483,44,242.7665,0.5299,0.171,home,FW
44272,Game Eth Vs Malawi 17032021,Player 58,1st.quarter, game Friendly,44272.6736,44272.70818,0,0,0,0.002,0,0,home,MF
44272,Game Eth Vs Malawi 17032021,Player 3,1st.quarter, game Friendly,44272.6736,44272.70818,0,0,0,0.0025,0,0,home,FW
44272,Game Eth Vs Malawi 17032021,Player 32,1st.quarter, game Friendly,44272.6736,44272.70818,2988,5.199,38,202.9809,0.4434,0.0904,home,FW
44272,Game Eth Vs Malawi 17032021,Player 8,1st.quarter, game Friendly,44272.6736,44272.70818,2988,5.7435,53,252.9319,0.7511,0.1298,home,FW
44272,Game Eth Vs Malawi 17032021,Player 63,1st.quarter, game Friendly,44272.6736,44272.70818,2988,5.8253,43,236.6408,0.5347,0.0789,home,CB
44272,Game Eth Vs Malawi 17032021,Player 54,1st.quarter, game Friendly,44272.6736,44272.70818,2988,5.8671,46,279.1316,0.4862,0.0101,home,MF
44272,Game Eth Vs Malawi 17032021,Player 35,1st.quarter, game Friendly,44272.6736,44272.70818,2938,5.9918,44,264.7694,0.3953,0.0251,home,MF
44272,Game Eth Vs Malawi 17032021,Player 65,1st.quarter, game Friendly,44272.6736,44272.70818,2988,0.0297,0,1.6651,0,0,home,MF
44272,Game Eth Vs Malawi 17032021,Player 53,1st.quarter, game Friendly,44272.6736,44272.70818,2988,5.6379,53,257.6747,0.6271,0.0771,home,FB
44272,Game Eth Vs Malawi 17032021,Player 13,1st.quarter, game Friendly,44272.6736,44272.70818,2988,5.7207,46,267.478,0.6483,0.1264,home,FB
44272,Game Eth Vs Malawi 17032021,Player 46,1st.quarter, game Friendly,44272.6743,44272.70711,2834,5.7652,49,239.8984,0.458,0.0331,home,MF
44272,Game Eth Vs Malawi 17032021,Player 11,1st.quarter, game Friendly,44272.6736,44272.70818,2988,5.4212,33,235.5962,0.3486,0.0273,home,CB
44272,Game Eth Vs Malawi 17032021,Player 51,1st.quarter, game Friendly,44272.6736,44272.70818,0,0,0,0.0024,0,0,home,FW
44272,Game Eth Vs Malawi 17032021,Player 58,2nd.quarter, game Friendly,44272.71855,44272.75282,2961,5.8447,45,247.3608,0.6366,0.0804,home,MF
44272,Game Eth Vs Malawi 17032021,Player 3,2nd.quarter, game Friendly,44272.71855,44272.75282,2961,5.2634,53,211.39,0.6699,0.1765,home,FW
44272,Game Eth Vs Malawi 17032021,Player 32,2nd.quarter, game Friendly,44272.71855,44272.75282,0,0,0,0,0,0,home,FW
44272,Game Eth Vs Malawi 17032021,Player 63,2nd.quarter, game Friendly,44272.71855,44272.75282,2961,5.548,43,224.9279,0.4545,0.1228,home,CB
44272,Game Eth Vs Malawi 17032021,Player 54,2nd.quarter, game Friendly,44272.71855,44272.75282,1299,2.1952,13,110.9063,0.1326,0.0028,home,MF
44272,Game Eth Vs Malawi 17032021,Player 35,2nd.quarter, game Friendly,44272.71855,44272.75282,0,0,0,0,0,0,home,MF
44272,Game Eth Vs Malawi 17032021,Player 65,2nd.quarter, game Friendly,44272.71855,44272.75282,2961,6.123,43,268.0308,0.4835,0.0693,home,MF
44272,Game Eth Vs Malawi 17032021,Player 53,2nd.quarter, game Friendly,44272.71855,44272.75282,2961,0.0014,0,0.6076,0,0,home,FB
44272,Game Eth Vs Malawi 17032021,Player 13,2nd.quarter, game Friendly,44272.71855,44272.75282,2961,5.4432,55,252.6531,0.6916,0.084,home,FB
44272,Game Eth Vs Malawi 17032021,Player 11,2nd.quarter, game Friendly,44272.71855,44272.75282,2961,5.0057,32,221.0746,0.3811,0.0771,home,CB
44272,Game Eth Vs Malawi 17032021,Player 51,2nd.quarter, game Friendly,44272.71855,44272.75282,2961,5.3483,44,242.764,0.5299,0.171,home,FW
44272,Game Eth Vs Malawi 17032021,Player 30,played-2nd half 30, game Friendly,44272.73253,44272.75333,1797,3.8491,44,161.8586,0.5839,0.151,home,FB
44272,Game Eth Vs Malawi 17032021,Player 8,2nd-half changed a, game Friendly,44272.7161,44272.73256,1422,2.678,26,119.3092,0.3867,0.0841,home,FW
44126,Friendly Match Eth Vs Zambia,Player 32,all, game,44126.66656,44126.70813,3592,5.1814,28,220.9746,0.2852,0.0835,home,FW
44126,Friendly Match Eth Vs Zambia,Player 63,all, game,44126.6667,44126.7545,7586,11.6206,80,487.5601,0.8794,0.094,home,CB
44126,Friendly Match Eth Vs Zambia,Player 30,all, game,44126.71505,44126.75452,3410,6.3246,49,280.9976,0.6213,0.1225,home,FB
44126,Friendly Match Eth Vs Zambia,Player 65,all, game,44126.66702,44126.7083,3566,6.1873,44,299.4439,0.43,0.0226,home,MF
44126,Friendly Match Eth Vs Zambia,Player 59,all, game,44126.66739,44126.7077,3482,5.5047,30,255.4554,0.4047,0.0377,home,MF
44126,Friendly Match Eth Vs Zambia,Player 51,all, game,44126.71199,44126.7543,3656,5.4133,35,261.1442,0.4481,0.0744,home,FW
44126,Friendly Match Eth Vs Zambia,Player 46,all, game,44126.66704,44126.70828,3563,5.7885,40,260.7012,0.4197,0.0051,home,MF
44126,Friendly Match Eth Vs Zambia,Player 58,all, game,44126.66704,44126.70806,3544,5.2207,41,230.8866,0.5345,0.0365,home,MF
44126,Friendly Match Eth Vs Zambia,Player 14,all, game,44126.73727,44126.75546,1571,2.2991,20,104.2113,0.1347,0.0498,home,MF
44126,Friendly Match Eth Vs Zambia,Player 11,all, game,44126.66714,44126.73293,5684,8.1017,47,378.7945,0.4486,0.1004,home,CB
44126,Friendly Match Eth Vs Zambia,Player 57,all, game,44126.66669,44126.73302,5731,9.1603,66,396.8328,0.9393,0.1661,home,FB
44126,Friendly Match Eth Vs Zambia,Player 52,all, game,44126.66741,44126.73286,5654,8.5604,74,417.2526,0.9697,0.1296,home,FB
44126,Friendly Match Eth Vs Zambia,Player 8,all, game,44126.6667,44126.70845,3608,5.3719,41,248.385,0.4923,0.0476,home,FW
44126,Friendly Match Eth Vs Zambia,Player 53,all, game,44126.71531,44126.75452,3388,6.3162,44,298.2839,0.3648,0.0029,home,FW
44126,Friendly Match Eth Vs Zambia,Player 34,all, game,44126.71503,44126.75449,3409,5.9818,39,276.1572,0.5279,0.0911,home,FW
44126,Friendly Match Eth Vs Zambia,Player 40,all, game,44126.71474,44126.75404,3396,6.1936,41,269.472,0.4412,0.0263,home,MF
44126,Friendly Match Eth Vs Zambia,Player 32,game, game,44126.66842,44126.7028,2970,5.0591,28,208.0941,0.2852,0.0835,home,FW
44126,Friendly Match Eth Vs Zambia,Player 63,game, game,44126.66869,44126.75141,6001,10.7196,79,447.6029,0.8794,0.094,home,CB
44126,Friendly Match Eth Vs Zambia,Player 30,game, game,44126.716,44126.75139,3058,5.9502,49,268.0731,0.6198,0.1225,home,FB
44126,Friendly Match Eth Vs Zambia,Player 65,game, game,44126.66837,44126.70278,2973,5.9469,44,287.5922,0.43,0.0226,home,MF
44126,Friendly Match Eth Vs Zambia,Player 59,game, game,44126.66847,44126.70275,2962,5.3087,30,247.3819,0.4047,0.0377,home,MF
44126,Friendly Match Eth Vs Zambia,Player 51,game, game,44126.71596,44126.75138,3060,5.0276,32,239.0641,0.4075,0.0744,home,FW
44126,Friendly Match Eth Vs Zambia,Player 46,game, game,44126.66837,44126.70275,2970,5.6618,40,253.5989,0.4197,0.0051,home,MF
44126,Friendly Match Eth Vs Zambia,Player 58,game, game,44126.66854,44126.70289,2968,5.1109,41,221.5579,0.5345,0.0365,home,MF
44126,Friendly Match Eth Vs Zambia,Player 14,game, game,44126.73761,44126.7514,1191,2.1659,20,96.6319,0.1347,0.0498,home,MF
44126,Friendly Match Eth Vs Zambia,Player 11,game, game,44126.66828,44126.73263,4421,7.3275,46,343.4069,0.4465,0.1004,home,CB
44126,Friendly Match Eth Vs Zambia,Player 57,game, game,44126.66848,44126.73251,4389,8.3383,65,361.3462,0.9393,0.1661,home,FB
44126,Friendly Match Eth Vs Zambia,Player 52,game, game,44126.66851,44126.7322,4382,8.1037,73,390.2665,0.9508,0.1229,home,FB
44126,Friendly Match Eth Vs Zambia,Player 8,game, game,44126.66836,44126.70272,2969,5.2204,41,238.8968,0.4923,0.0476,home,FW
44126,Friendly Match Eth Vs Zambia,Player 53,game, game,44126.71597,44126.75176,3093,6.1655,44,289.4212,0.3648,0.0029,home,FW
44126,Friendly Match Eth Vs Zambia,Player 34,game, game,44126.71607,44126.75146,3058,5.6987,38,263.8553,0.5274,0.0911,home,FW
44126,Friendly Match Eth Vs Zambia,Player 40,game, game,44126.71599,44126.7518,3094,5.8381,40,255.902,0.4275,0.0263,home,MF
44126,Friendly Match Eth Vs Zambia,Player 32,1st.quarter, game,44126.66842,44126.7028,2970,5.0591,28,208.0941,0.2852,0.0835,home,FW
44126,Friendly Match Eth Vs Zambia,Player 63,1st.quarter, game,44126.66869,44126.70274,2943,5.2722,42,219.5706,0.4976,0.066,home,CB
44126,Friendly Match Eth Vs Zambia,Player 65,1st.quarter, game,44126.66837,44126.70278,2973,5.9469,44,287.5922,0.43,0.0226,home,MF
44126,Friendly Match Eth Vs Zambia,Player 59,1st.quarter, game,44126.66847,44126.70275,2962,5.3087,30,247.3819,0.4047,0.0377,home,MF
44126,Friendly Match Eth Vs Zambia,Player 46,1st.quarter, game,44126.66837,44126.70275,2970,5.6618,40,253.5989,0.4197,0.0051,home,MF
44126,Friendly Match Eth Vs Zambia,Player 58,1st.quarter, game,44126.66854,44126.70289,2968,5.1109,41,221.5579,0.5345,0.0365,home,MF
44126,Friendly Match Eth Vs Zambia,Player 11,1st.quarter, game,44126.66828,44126.7028,2983,4.9388,29,231.2133,0.3082,0.0852,home,CB
44126,Friendly Match Eth Vs Zambia,Player 57,1st.quarter, game,44126.66848,44126.70272,2958,5.5825,44,242.454,0.6308,0.122,home,FB
44126,Friendly Match Eth Vs Zambia,Player 52,1st.quarter, game,44126.66851,44126.70294,2975,5.4321,44,259.597,0.5683,0.0562,home,FB
44126,Friendly Match Eth Vs Zambia,Player 8,1st.quarter, game,44126.66836,44126.70272,2969,5.2204,41,238.8968,0.4923,0.0476,home,FW
44126,Friendly Match Eth Vs Zambia,Player 63,2nd.quarter, game,44126.71601,44126.75141,3058,5.4474,37,228.0323,0.3612,0.028,home,CB
44126,Friendly Match Eth Vs Zambia,Player 30,2nd.quarter, game,44126.716,44126.75139,3058,5.9502,49,268.0731,0.6198,0.1225,home,FB
44126,Friendly Match Eth Vs Zambia,Player 51,2nd.quarter, game,44126.71596,44126.75138,3060,5.0276,32,239.0641,0.4075,0.0744,home,FW
44126,Friendly Match Eth Vs Zambia,Player 14,2nd.quarter, game,44126.73761,44126.7514,1191,2.1659,20,96.6319,0.1347,0.0498,home,MF
44126,Friendly Match Eth Vs Zambia,Player 11,2nd.quarter, game,44126.71598,44126.73263,1438,2.3887,17,112.1936,0.1383,0.0152,home,CB
44126,Friendly Match Eth Vs Zambia,Player 57,2nd.quarter, game,44126.71594,44126.73251,1432,2.7558,21,118.8922,0.3038,0.044,home,FB
44126,Friendly Match Eth Vs Zambia,Player 52,2nd.quarter, game,44126.71592,44126.7322,1407,2.6717,29,130.6695,0.3824,0.0667,home,FB
44126,Friendly Match Eth Vs Zambia,Player 53,2nd.quarter, game,44126.71597,44126.75176,3093,6.1655,44,289.4212,0.3648,0.0029,home,FW
44126,Friendly Match Eth Vs Zambia,Player 34,2nd.quarter, game,44126.71607,44126.75146,3058,5.6987,38,263.8553,0.5274,0.0911,home,FW
44126,Friendly Match Eth Vs Zambia,Player 40,2nd.quarter, game,44126.71599,44126.7518,3094,5.8381,40,255.902,0.4275,0.0263,home,MF
22/10/2020,Friendly Match Eth Vs Zambia,Player 32,all, game,44126.66656,44126.70813,3592,5.1814,28,220.9746,0.2852,0.0835,home,FW
44126,Friendly Match Eth Vs Zambia,Player 63,all, game,44126.6667,44126.7545,7586,11.6206,80,487.5601,0.8794,0.094,home,CB
44126,Friendly Match Eth Vs Zambia,Player 30,all, game,44126.71505,44126.75452,3410,6.3246,49,280.9976,0.6213,0.1225,home,FB
44126,Friendly Match Eth Vs Zambia,Player 65,all, game,44126.66702,44126.7083,3566,6.1873,44,299.4439,0.43,0.0226,home,MF
44126,Friendly Match Eth Vs Zambia,Player 59,all, game,44126.66739,44126.7077,3482,5.5047,30,255.4554,0.4047,0.0377,home,MF
44126,Friendly Match Eth Vs Zambia,Player 51,all, game,44126.71199,44126.7543,3656,5.4133,35,261.1442,0.4481,0.0744,home,FW
44126,Friendly Match Eth Vs Zambia,Player 46,all, game,44126.66704,44126.70828,3563,5.7885,40,260.7012,0.4197,0.0051,home,MF
44126,Friendly Match Eth Vs Zambia,Player 58,all, game,44126.66704,44126.70806,3544,5.2207,41,230.8866,0.5345,0.0365,home,MF
44126,Friendly Match Eth Vs Zambia,Player 14,all, game,44126.73727,44126.75546,1571,2.2991,20,104.2113,0.1347,0.0498,home,MF
44126,Friendly Match Eth Vs Zambia,Player 11,all, game,44126.66714,44126.73293,5684,8.1017,47,378.7945,0.4486,0.1004,home,CB
44126,Friendly Match Eth Vs Zambia,Player 57,all, game,44126.66669,44126.73302,5731,9.1603,66,396.8328,0.9393,0.1661,home,FB
44126,Friendly Match Eth Vs Zambia,Player 52,all, game,44126.66741,44126.73286,5654,8.5604,74,417.2526,0.9697,0.1296,home,FB
44126,Friendly Match Eth Vs Zambia,Player 8,all, game,44126.6667,44126.70845,3608,5.3719,41,248.385,0.4923,0.0476,home,FW
44126,Friendly Match Eth Vs Zambia,Player 53,all, game,44126.71531,44126.75452,3388,6.3162,44,298.2839,0.3648,0.0029,home,FW
44126,Friendly Match Eth Vs Zambia,Player 34,all, game,44126.71503,44126.75449,3409,5.9818,39,276.1572,0.5279,0.0911,home,FW
44126,Friendly Match Eth Vs Zambia,Player 40,all, game,44126.71474,44126.75404,3396,6.1936,41,269.472,0.4412,0.0263,home,MF
44126,Friendly Match Eth Vs Zambia,Player 32,game, game,44126.66842,44126.7028,2970,5.0591,28,208.0941,0.2852,0.0835,home,FW
44126,Friendly Match Eth Vs Zambia,Player 63,game, game,44126.66869,44126.75141,6001,10.7196,79,447.6029,0.8794,0.094,home,CB
44126,Friendly Match Eth Vs Zambia,Player 30,game, game,44126.716,44126.75139,3058,5.9502,49,268.0731,0.6198,0.1225,home,FB
44126,Friendly Match Eth Vs Zambia,Player 65,game, game,44126.66837,44126.70278,2973,5.9469,44,287.5922,0.43,0.0226,home,MF
44126,Friendly Match Eth Vs Zambia,Player 59,game, game,44126.66847,44126.70275,2962,5.3087,30,247.3819,0.4047,0.0377,home,MF
44126,Friendly Match Eth Vs Zambia,Player 51,game, game,44126.71596,44126.75138,3060,5.0276,32,239.0641,0.4075,0.0744,home,FW
44126,Friendly Match Eth Vs Zambia,Player 46,game, game,44126.66837,44126.70275,2970,5.6618,40,253.5989,0.4197,0.0051,home,MF
44126,Friendly Match Eth Vs Zambia,Player 58,game, game,44126.66854,44126.70289,2968,5.1109,41,221.5579,0.5345,0.0365,home,MF
44126,Friendly Match Eth Vs Zambia,Player 14,game, game,44126.73761,44126.7514,1191,2.1659,20,96.6319,0.1347,0.0498,home,MF
44126,Friendly Match Eth Vs Zambia,Player 11,game, game,44126.66828,44126.73263,4421,7.3275,46,343.4069,0.4465,0.1004,home,CB
44126,Friendly Match Eth Vs Zambia,Player 57,game, game,44126.66848,44126.73251,4389,8.3383,65,361.3462,0.9393,0.1661,home,FB
44126,Friendly Match Eth Vs Zambia,Player 52,game, game,44126.66851,44126.7322,4382,8.1037,73,390.2665,0.9508,0.1229,home,FB
44126,Friendly Match Eth Vs Zambia,Player 8,game, game,44126.66836,44126.70272,2969,5.2204,41,238.8968,0.4923,0.0476,home,FW
44126,Friendly Match Eth Vs Zambia,Player 53,game, game,44126.71597,44126.75176,3093,6.1655,44,289.4212,0.3648,0.0029,home,FW
44126,Friendly Match Eth Vs Zambia,Player 34,game, game,44126.71607,44126.75146,3058,5.6987,38,263.8553,0.5274,0.0911,home,FW
44126,Friendly Match Eth Vs Zambia,Player 40,game, game,44126.71599,44126.7518,3094,5.8381,40,255.902,0.4275,0.0263,home,MF
44126,Friendly Match Eth Vs Zambia,Player 32,1st.quarter, game,44126.66842,44126.7028,2970,5.0591,28,208.0941,0.2852,0.0835,home,FW
44126,Friendly Match Eth Vs Zambia,Player 63,1st.quarter, game,44126.66869,44126.70274,2943,5.2722,42,219.5706,0.4976,0.066,home,CB
44126,Friendly Match Eth Vs Zambia,Player 65,1st.quarter, game,44126.66837,44126.70278,2973,5.9469,44,287.5922,0.43,0.0226,home,MF
44126,Friendly Match Eth Vs Zambia,Player 59,1st.quarter, game,44126.66847,44126.70275,2962,5.3087,30,247.3819,0.4047,0.0377,home,MF
44126,Friendly Match Eth Vs Zambia,Player 46,1st.quarter, game,44126.66837,44126.70275,2970,5.6618,40,253.5989,0.4197,0.0051,home,MF
44126,Friendly Match Eth Vs Zambia,Player 58,1st.quarter, game,44126.66854,44126.70289,2968,5.1109,41,221.5579,0.5345,0.0365,home,MF
44126,Friendly Match Eth Vs Zambia,Player 11,1st.quarter, game,44126.66828,44126.7028,2983,4.9388,29,231.2133,0.3082,0.0852,home,CB
44126,Friendly Match Eth Vs Zambia,Player 57,1st.quarter, game,44126.66848,44126.70272,2958,5.5825,44,242.454,0.6308,0.122,home,FB
44126,Friendly Match Eth Vs Zambia,Player 52,1st.quarter, game,44126.66851,44126.70294,2975,5.4321,44,259.597,0.5683,0.0562,home,FB
44126,Friendly Match Eth Vs Zambia,Player 8,1st.quarter, game,44126.66836,44126.70272,2969,5.2204,41,238.8968,0.4923,0.0476,home,FW
44126,Friendly Match Eth Vs Zambia,Player 63,2nd.quarter, game,44126.71601,44126.75141,3058,5.4474,37,228.0323,0.3612,0.028,home,CB
44126,Friendly Match Eth Vs Zambia,Player 30,2nd.quarter, game,44126.716,44126.75139,3058,5.9502,49,268.0731,0.6198,0.1225,home,FB
44126,Friendly Match Eth Vs Zambia,Player 51,2nd.quarter, game,44126.71596,44126.75138,3060,5.0276,32,239.0641,0.4075,0.0744,home,FW
44126,Friendly Match Eth Vs Zambia,Player 14,2nd.quarter, game,44126.73761,44126.7514,1191,2.1659,20,96.6319,0.1347,0.0498,home,MF
44126,Friendly Match Eth Vs Zambia,Player 11,2nd.quarter, game,44126.71598,44126.73263,1438,2.3887,17,112.1936,0.1383,0.0152,home,CB
44126,Friendly Match Eth Vs Zambia,Player 57,2nd.quarter, game,44126.71594,44126.73251,1432,2.7558,21,118.8922,0.3038,0.044,home,FB
44126,Friendly Match Eth Vs Zambia,Player 52,2nd.quarter, game,44126.71592,44126.7322,1407,2.6717,29,130.6695,0.3824,0.0667,home,FB
44126,Friendly Match Eth Vs Zambia,Player 53,2nd.quarter, game,44126.71597,44126.75176,3093,6.1655,44,289.4212,0.3648,0.0029,home,FW
44126,Friendly Match Eth Vs Zambia,Player 34,2nd.quarter, game,44126.71607,44126.75146,3058,5.6987,38,263.8553,0.5274,0.0911,home,FW
44126,Friendly Match Eth Vs Zambia,Player 40,2nd.quarter, game,44126.71599,44126.7518,3094,5.8381,40,255.902,0.4275,0.0263,home,MF
44129,Ethio vs Zambia II,Player 34,all, game AAS-Stadium AAS-Stadium AAS-Stadium AAS-Stadium AAS-Stadium AAS-Stadium AAS-Stadium AAS-Stadium AAS-Stadium AAS-Stadium AAS-Stadium AAS-Stadium AAS-Stadium AAS-Stadium AAS-Stadium AAS-Stadium AAS-Stadium AAS-Stadium AAS-Stadium AAS-Stadium AAS-Stadium AAS-Stadium AAS-Stadium AAS-Stadium AAS-Stadium AAS-Stadium AAS-Stadium AAS-Stadium AAS-Stadium AAS-Stadium AAS-Stadium AAS-Stadium AAS-Stadium AAS-Stadium AAS-Stadium AAS-Stadium AAS-Stadium AAS-Stadium AAS-Stadium AAS-Stadium AAS-Stadium AAS-Stadium AAS-Stadium AAS-Stadium AAS-Stadium AAS-Stadium AAS-Stadium AAS-Stadium AAS-Stadium AAS-Stadium AAS-Stadium,44129.66003,44129.71491,4742,6.0049,39,277.7617,0.4408,0.0702,home,FW
44129,Ethio vs Zambia II,Player 37,all, game AAS-Stadium AAS-Stadium AAS-Stadium AAS-Stadium AAS-Stadium AAS-Stadium AAS-Stadium AAS-Stadium AAS-Stadium AAS-Stadium AAS-Stadium AAS-Stadium AAS-Stadium AAS-Stadium AAS-Stadium AAS-Stadium AAS-Stadium AAS-Stadium AAS-Stadium AAS-Stadium AAS-Stadium AAS-Stadium AAS-Stadium AAS-Stadium AAS-Stadium AAS-Stadium AAS-Stadium AAS-Stadium AAS-Stadium AAS-Stadium AAS-Stadium AAS-Stadium AAS-Stadium AAS-Stadium AAS-Stadium AAS-Stadium AAS-Stadium AAS-Stadium AAS-Stadium AAS-Stadium AAS-Stadium AAS-Stadium AAS-Stadium AAS-Stadium AAS-Stadium AAS-Stadium AAS-Stadium AAS-Stadium,44129.65975,44129.82291,14097,7.0328,59,336.0411,0.9072,0.1819,home,FB
44129,Ethio vs Zambia II,Player 51,all, game AAS-Stadium AAS-Stadium AAS-Stadium AAS-Stadium AAS-Stadium AAS-Stadium AAS-Stadium AAS-Stadium AAS-Stadium AAS-Stadium AAS-Stadium AAS-Stadium AAS-Stadium AAS-Stadium AAS-Stadium AAS-Stadium AAS-Stadium AAS-Stadium AAS-Stadium AAS-Stadium AAS-Stadium AAS-Stadium AAS-Stadium AAS-Stadium AAS-Stadium AAS-Stadium AAS-Stadium AAS-Stadium AAS-Stadium AAS-Stadium AAS-Stadium AAS-Stadium AAS-Stadium AAS-Stadium AAS-Stadium AAS-Stadium AAS-Stadium AAS-Stadium AAS-Stadium AAS-Stadium AAS-Stadium AAS-Stadium AAS-Stadium AAS-Stadium AAS-Stadium,44129.65975,44129.71429,4712,5.5883,31,274.1813,0.3479,0.07,home,FW
44129,Ethio vs Zambia II,Player 53,all, game AAS-Stadium AAS-Stadium AAS-Stadium AAS-Stadium AAS-Stadium AAS-Stadium AAS-Stadium AAS-Stadium AAS-Stadium AAS-Stadium AAS-Stadium AAS-Stadium AAS-Stadium AAS-Stadium AAS-Stadium AAS-Stadium AAS-Stadium AAS-Stadium AAS-Stadium AAS-Stadium AAS-Stadium AAS-Stadium AAS-Stadium AAS-Stadium AAS-Stadium AAS-Stadium AAS-Stadium AAS-Stadium AAS-Stadium AAS-Stadium AAS-Stadium AAS-Stadium AAS-Stadium AAS-Stadium AAS-Stadium AAS-Stadium AAS-Stadium AAS-Stadium AAS-Stadium AAS-Stadium AAS-Stadium AAS-Stadium,44129.71358,44129.75329,3431,5.6444,50,261.9922,0.5988,0.0813,home,FW
44129,Ethio vs Zambia II,Player 58,all, game AAS-Stadium AAS-Stadium AAS-Stadium AAS-Stadium AAS-Stadium AAS-Stadium AAS-Stadium AAS-Stadium AAS-Stadium AAS-Stadium AAS-Stadium AAS-Stadium AAS-Stadium AAS-Stadium AAS-Stadium AAS-Stadium AAS-Stadium AAS-Stadium AAS-Stadium AAS-Stadium AAS-Stadium AAS-Stadium AAS-Stadium AAS-Stadium AAS-Stadium AAS-Stadium AAS-Stadium AAS-Stadium AAS-Stadium AAS-Stadium AAS-Stadium AAS-Stadium AAS-Stadium AAS-Stadium AAS-Stadium AAS-Stadium AAS-Stadium AAS-Stadium AAS-Stadium,44129.65984,44129.71501,4767,6.0523,39,276.8545,0.3848,0.0161,home,MF
44129,Ethio vs Zambia II,Player 4,all, game AAS-Stadium AAS-Stadium AAS-Stadium AAS-Stadium AAS-Stadium AAS-Stadium AAS-Stadium AAS-Stadium AAS-Stadium AAS-Stadium AAS-Stadium AAS-Stadium AAS-Stadium AAS-Stadium AAS-Stadium AAS-Stadium AAS-Stadium AAS-Stadium AAS-Stadium AAS-Stadium AAS-Stadium AAS-Stadium AAS-Stadium AAS-Stadium AAS-Stadium AAS-Stadium AAS-Stadium AAS-Stadium AAS-Stadium AAS-Stadium AAS-Stadium AAS-Stadium AAS-Stadium AAS-Stadium AAS-Stadium AAS-Stadium,44129.65998,44129.73196,6219,8.2455,54,364.5089,0.5967,0.1712,home,MF
44129,Ethio vs Zambia II,Player 40,all, game AAS-Stadium AAS-Stadium AAS-Stadium AAS-Stadium AAS-Stadium AAS-Stadium AAS-Stadium AAS-Stadium AAS-Stadium AAS-Stadium AAS-Stadium AAS-Stadium AAS-Stadium AAS-Stadium AAS-Stadium AAS-Stadium AAS-Stadium AAS-Stadium AAS-Stadium AAS-Stadium AAS-Stadium AAS-Stadium AAS-Stadium AAS-Stadium AAS-Stadium AAS-Stadium AAS-Stadium AAS-Stadium AAS-Stadium AAS-Stadium AAS-Stadium AAS-Stadium AAS-Stadium,44129.71366,44129.75326,3421,6.551,37,285.9811,0.559,0.0756,home,MF
44129,Ethio vs Zambia II,Player 14,all, game AAS-Stadium AAS-Stadium AAS-Stadium AAS-Stadium AAS-Stadium AAS-Stadium AAS-Stadium AAS-Stadium AAS-Stadium AAS-Stadium AAS-Stadium AAS-Stadium AAS-Stadium AAS-Stadium AAS-Stadium AAS-Stadium AAS-Stadium AAS-Stadium AAS-Stadium AAS-Stadium AAS-Stadium AAS-Stadium AAS-Stadium AAS-Stadium AAS-Stadium AAS-Stadium AAS-Stadium AAS-Stadium AAS-Stadium AAS-Stadium,44129.71392,44129.75321,3395,6.4771,46,289.9264,0.5745,0.023,home,MF
44129,Ethio vs Zambia II,Player 30,all, game AAS-Stadium AAS-Stadium AAS-Stadium AAS-Stadium AAS-Stadium AAS-Stadium AAS-Stadium AAS-Stadium AAS-Stadium AAS-Stadium AAS-Stadium AAS-Stadium AAS-Stadium AAS-Stadium AAS-Stadium AAS-Stadium AAS-Stadium AAS-Stadium AAS-Stadium AAS-Stadium AAS-Stadium AAS-Stadium AAS-Stadium AAS-Stadium AAS-Stadium AAS-Stadium AAS-Stadium AAS-Stadium AAS-Stadium AAS-Stadium,44129.71357,44129.75282,3391,6.7732,66,292.1055,0.8159,0.1667,home,FB
44129,Ethio vs Zambia II,Player 59,all, game AAS-Stadium AAS-Stadium AAS-Stadium AAS-Stadium AAS-Stadium AAS-Stadium AAS-Stadium AAS-Stadium AAS-Stadium AAS-Stadium AAS-Stadium AAS-Stadium AAS-Stadium AAS-Stadium AAS-Stadium AAS-Stadium AAS-Stadium AAS-Stadium AAS-Stadium AAS-Stadium AAS-Stadium AAS-Stadium AAS-Stadium AAS-Stadium AAS-Stadium AAS-Stadium AAS-Stadium,44129.65999,44129.7142,4684,6.0785,33,274.061,0.2601,0.0014,home,MF
44129,Ethio vs Zambia II,Player 8,all, game AAS-Stadium AAS-Stadium AAS-Stadium AAS-Stadium AAS-Stadium AAS-Stadium AAS-Stadium AAS-Stadium AAS-Stadium AAS-Stadium AAS-Stadium AAS-Stadium AAS-Stadium AAS-Stadium AAS-Stadium AAS-Stadium AAS-Stadium AAS-Stadium AAS-Stadium AAS-Stadium AAS-Stadium AAS-Stadium AAS-Stadium AAS-Stadium,44129.66017,44129.71461,4704,6.0246,52,281.2333,0.6619,0.0776,home,FW
44129,Ethio vs Zambia II,Player 57,all, game AAS-Stadium AAS-Stadium AAS-Stadium AAS-Stadium AAS-Stadium AAS-Stadium AAS-Stadium AAS-Stadium AAS-Stadium AAS-Stadium AAS-Stadium AAS-Stadium AAS-Stadium AAS-Stadium AAS-Stadium AAS-Stadium AAS-Stadium AAS-Stadium AAS-Stadium AAS-Stadium AAS-Stadium,44129.65674,44129.71477,5013,6.3457,45,281.0664,0.6371,0.1727,home,FB
44129,Ethio vs Zambia II,Player 11,all, game AAS-Stadium AAS-Stadium AAS-Stadium AAS-Stadium AAS-Stadium AAS-Stadium AAS-Stadium AAS-Stadium AAS-Stadium AAS-Stadium AAS-Stadium AAS-Stadium AAS-Stadium AAS-Stadium AAS-Stadium AAS-Stadium AAS-Stadium AAS-Stadium,44129.71357,44129.75328,3431,5.2294,19,224.3405,0.2826,0.0308,home,CB
44129,Ethio vs Zambia II,Player 10,all, game AAS-Stadium AAS-Stadium AAS-Stadium AAS-Stadium AAS-Stadium AAS-Stadium AAS-Stadium AAS-Stadium AAS-Stadium AAS-Stadium AAS-Stadium AAS-Stadium AAS-Stadium AAS-Stadium AAS-Stadium,44129.65996,44129.71492,4748,5.4455,29,249.8222,0.3899,0.0948,home,CB
44129,Ethio vs Zambia II,Player 44,all, game AAS-Stadium AAS-Stadium AAS-Stadium AAS-Stadium AAS-Stadium AAS-Stadium AAS-Stadium AAS-Stadium AAS-Stadium AAS-Stadium AAS-Stadium AAS-Stadium,44129.71392,44129.75302,3378,5.4058,35,253.1509,0.3164,0.06,home,CB
44129,Ethio vs Zambia II,Player 6,all, game AAS-Stadium AAS-Stadium AAS-Stadium AAS-Stadium AAS-Stadium AAS-Stadium AAS-Stadium AAS-Stadium AAS-Stadium,44129.71357,44129.75297,3404,6.2445,39,271.2647,0.4879,0.0114,home,MF
10/25/2020,Ethio vs Zambia II,Player 15,all, game AAS-Stadium AAS-Stadium AAS-Stadium AAS-Stadium AAS-Stadium AAS-Stadium,44129.72825,44129.75315,2152,3.5573,25,167.8501,0.3467,0.0511,home,MF
44129,Ethio vs Zambia II,Player 34,game, game AAS-Stadium AAS-Stadium AAS-Stadium AAS-Stadium AAS-Stadium AAS-Stadium AAS-Stadium AAS-Stadium AAS-Stadium AAS-Stadium AAS-Stadium AAS-Stadium AAS-Stadium AAS-Stadium AAS-Stadium AAS-Stadium AAS-Stadium AAS-Stadium AAS-Stadium AAS-Stadium AAS-Stadium AAS-Stadium AAS-Stadium AAS-Stadium AAS-Stadium AAS-Stadium AAS-Stadium AAS-Stadium AAS-Stadium AAS-Stadium AAS-Stadium AAS-Stadium AAS-Stadium AAS-Stadium AAS-Stadium AAS-Stadium AAS-Stadium AAS-Stadium AAS-Stadium AAS-Stadium AAS-Stadium AAS-Stadium AAS-Stadium AAS-Stadium AAS-Stadium AAS-Stadium AAS-Stadium AAS-Stadium AAS-Stadium AAS-Stadium AAS-Stadium,44129.6667,44129.70022,2897,5.5693,37,249.3151,0.4062,0.0702,home,FW
44129,Ethio vs Zambia II,Player 37,game, game AAS-Stadium AAS-Stadium AAS-Stadium AAS-Stadium AAS-Stadium AAS-Stadium AAS-Stadium AAS-Stadium AAS-Stadium AAS-Stadium AAS-Stadium AAS-Stadium AAS-Stadium AAS-Stadium AAS-Stadium AAS-Stadium AAS-Stadium AAS-Stadium AAS-Stadium AAS-Stadium AAS-Stadium AAS-Stadium AAS-Stadium AAS-Stadium AAS-Stadium AAS-Stadium AAS-Stadium AAS-Stadium AAS-Stadium AAS-Stadium AAS-Stadium AAS-Stadium AAS-Stadium AAS-Stadium AAS-Stadium AAS-Stadium AAS-Stadium AAS-Stadium AAS-Stadium AAS-Stadium AAS-Stadium AAS-Stadium AAS-Stadium AAS-Stadium AAS-Stadium AAS-Stadium AAS-Stadium AAS-Stadium,44129.66651,44129.70137,2998,5.8222,54,264.3357,0.798,0.1811,home,FB
44129,Ethio vs Zambia II,Player 51,game, game AAS-Stadium AAS-Stadium AAS-Stadium AAS-Stadium AAS-Stadium AAS-Stadium AAS-Stadium AAS-Stadium AAS-Stadium AAS-Stadium AAS-Stadium AAS-Stadium AAS-Stadium AAS-Stadium AAS-Stadium AAS-Stadium AAS-Stadium AAS-Stadium AAS-Stadium AAS-Stadium AAS-Stadium AAS-Stadium AAS-Stadium AAS-Stadium AAS-Stadium AAS-Stadium AAS-Stadium AAS-Stadium AAS-Stadium AAS-Stadium AAS-Stadium AAS-Stadium AAS-Stadium AAS-Stadium AAS-Stadium AAS-Stadium AAS-Stadium AAS-Stadium AAS-Stadium AAS-Stadium AAS-Stadium AAS-Stadium AAS-Stadium AAS-Stadium AAS-Stadium,44129.66666,44129.69995,2876,5.0991,31,248.1255,0.3393,0.0617,home,FW
44129,Ethio vs Zambia II,Player 53,game, game AAS-Stadium AAS-Stadium AAS-Stadium AAS-Stadium AAS-Stadium AAS-Stadium AAS-Stadium AAS-Stadium AAS-Stadium AAS-Stadium AAS-Stadium AAS-Stadium AAS-Stadium AAS-Stadium AAS-Stadium AAS-Stadium AAS-Stadium AAS-Stadium AAS-Stadium AAS-Stadium AAS-Stadium AAS-Stadium AAS-Stadium AAS-Stadium AAS-Stadium AAS-Stadium AAS-Stadium AAS-Stadium AAS-Stadium AAS-Stadium AAS-Stadium AAS-Stadium AAS-Stadium AAS-Stadium AAS-Stadium AAS-Stadium AAS-Stadium AAS-Stadium AAS-Stadium AAS-Stadium AAS-Stadium AAS-Stadium,44129.71663,44129.75003,2885,5.1586,45,237.6305,0.5471,0.0651,home,FW
44129,Ethio vs Zambia II,Player 58,game, game AAS-Stadium AAS-Stadium AAS-Stadium AAS-Stadium AAS-Stadium AAS-Stadium AAS-Stadium AAS-Stadium AAS-Stadium AAS-Stadium AAS-Stadium AAS-Stadium AAS-Stadium AAS-Stadium AAS-Stadium AAS-Stadium AAS-Stadium AAS-Stadium AAS-Stadium AAS-Stadium AAS-Stadium AAS-Stadium AAS-Stadium AAS-Stadium AAS-Stadium AAS-Stadium AAS-Stadium AAS-Stadium AAS-Stadium AAS-Stadium AAS-Stadium AAS-Stadium AAS-Stadium AAS-Stadium AAS-Stadium AAS-Stadium AAS-Stadium AAS-Stadium AAS-Stadium,44129.66667,44129.70033,2908,5.6814,38,249.9704,0.3796,0.0161,home,MF
44129,Ethio vs Zambia II,Player 4,game, game AAS-Stadium AAS-Stadium AAS-Stadium AAS-Stadium AAS-Stadium AAS-Stadium AAS-Stadium AAS-Stadium AAS-Stadium AAS-Stadium AAS-Stadium AAS-Stadium AAS-Stadium AAS-Stadium AAS-Stadium AAS-Stadium AAS-Stadium AAS-Stadium AAS-Stadium AAS-Stadium AAS-Stadium AAS-Stadium AAS-Stadium AAS-Stadium AAS-Stadium AAS-Stadium AAS-Stadium AAS-Stadium AAS-Stadium AAS-Stadium AAS-Stadium AAS-Stadium AAS-Stadium AAS-Stadium AAS-Stadium AAS-Stadium,44129.6666,44129.72983,4068,7.3141,50,313.4898,0.5967,0.1712,home,MF
44129,Ethio vs Zambia II,Player 40,game, game AAS-Stadium AAS-Stadium AAS-Stadium AAS-Stadium AAS-Stadium AAS-Stadium AAS-Stadium AAS-Stadium AAS-Stadium AAS-Stadium AAS-Stadium AAS-Stadium AAS-Stadium AAS-Stadium AAS-Stadium AAS-Stadium AAS-Stadium AAS-Stadium AAS-Stadium AAS-Stadium AAS-Stadium AAS-Stadium AAS-Stadium AAS-Stadium AAS-Stadium AAS-Stadium AAS-Stadium AAS-Stadium AAS-Stadium AAS-Stadium AAS-Stadium AAS-Stadium AAS-Stadium,44129.71669,44129.74999,2877,5.9059,33,257.7381,0.5073,0.0587,home,MF
44129,Ethio vs Zambia II,Player 14,game, game AAS-Stadium AAS-Stadium AAS-Stadium AAS-Stadium AAS-Stadium AAS-Stadium AAS-Stadium AAS-Stadium AAS-Stadium AAS-Stadium AAS-Stadium AAS-Stadium AAS-Stadium AAS-Stadium AAS-Stadium AAS-Stadium AAS-Stadium AAS-Stadium AAS-Stadium AAS-Stadium AAS-Stadium AAS-Stadium AAS-Stadium AAS-Stadium AAS-Stadium AAS-Stadium AAS-Stadium AAS-Stadium AAS-Stadium AAS-Stadium,44129.71665,44129.75002,2884,5.8223,42,260.2965,0.5338,0.023,home,MF
44129,Ethio vs Zambia II,Player 30,game, game AAS-Stadium AAS-Stadium AAS-Stadium AAS-Stadium AAS-Stadium AAS-Stadium AAS-Stadium AAS-Stadium AAS-Stadium AAS-Stadium AAS-Stadium AAS-Stadium AAS-Stadium AAS-Stadium AAS-Stadium AAS-Stadium AAS-Stadium AAS-Stadium AAS-Stadium AAS-Stadium AAS-Stadium AAS-Stadium AAS-Stadium AAS-Stadium AAS-Stadium AAS-Stadium AAS-Stadium AAS-Stadium AAS-Stadium AAS-Stadium,44129.71664,44129.74998,2881,6.0891,59,266.0435,0.7587,0.1667,home,FB
44129,Ethio vs Zambia II,Player 59,game, game AAS-Stadium AAS-Stadium AAS-Stadium AAS-Stadium AAS-Stadium AAS-Stadium AAS-Stadium AAS-Stadium AAS-Stadium AAS-Stadium AAS-Stadium AAS-Stadium AAS-Stadium AAS-Stadium AAS-Stadium AAS-Stadium AAS-Stadium AAS-Stadium AAS-Stadium AAS-Stadium AAS-Stadium AAS-Stadium AAS-Stadium AAS-Stadium AAS-Stadium AAS-Stadium AAS-Stadium,44129.66663,44129.70037,2915,5.4712,32,241.5517,0.237,0.0014,home,MF
44129,Ethio vs Zambia II,Player 8,game, game AAS-Stadium AAS-Stadium AAS-Stadium AAS-Stadium AAS-Stadium AAS-Stadium AAS-Stadium AAS-Stadium AAS-Stadium AAS-Stadium AAS-Stadium AAS-Stadium AAS-Stadium AAS-Stadium AAS-Stadium AAS-Stadium AAS-Stadium AAS-Stadium AAS-Stadium AAS-Stadium AAS-Stadium AAS-Stadium AAS-Stadium AAS-Stadium,44129.66667,44129.7003,2906,5.4947,50,250.9295,0.6162,0.06,home,FW
44129,Ethio vs Zambia II,Player 11,game, game AAS-Stadium AAS-Stadium AAS-Stadium AAS-Stadium AAS-Stadium AAS-Stadium AAS-Stadium AAS-Stadium AAS-Stadium AAS-Stadium AAS-Stadium AAS-Stadium AAS-Stadium AAS-Stadium AAS-Stadium AAS-Stadium AAS-Stadium AAS-Stadium,44129.71668,44129.74998,2877,4.6222,17,199.2838,0.2639,0.0243,home,CB
44129,Ethio vs Zambia II,Player 10,game, game AAS-Stadium AAS-Stadium AAS-Stadium AAS-Stadium AAS-Stadium AAS-Stadium AAS-Stadium AAS-Stadium AAS-Stadium AAS-Stadium AAS-Stadium AAS-Stadium AAS-Stadium AAS-Stadium AAS-Stadium,44129.66664,44129.70029,2907,4.851,29,222.3966,0.3899,0.0948,home,CB
44129,Ethio vs Zambia II,Player 44,game, game AAS-Stadium AAS-Stadium AAS-Stadium AAS-Stadium AAS-Stadium AAS-Stadium AAS-Stadium AAS-Stadium AAS-Stadium AAS-Stadium AAS-Stadium AAS-Stadium,44129.71667,44129.75006,2885,4.8325,32,226.0813,0.2985,0.06,home,CB
44129,Ethio vs Zambia II,Player 6,game, game AAS-Stadium AAS-Stadium AAS-Stadium AAS-Stadium AAS-Stadium AAS-Stadium AAS-Stadium AAS-Stadium AAS-Stadium,44129.71666,44129.75007,2887,5.5897,34,244.2128,0.4561,0.0114,home,MF
44129,Ethio vs Zambia II,Player 15,game, game AAS-Stadium AAS-Stadium AAS-Stadium AAS-Stadium AAS-Stadium AAS-Stadium,44129.7317,44129.75,1581,3.3629,25,154.0566,0.3467,0.0511,home,MF
44129,Ethio vs Zambia II,Player 34,1st.quarter, game AAS-Stadium AAS-Stadium AAS-Stadium AAS-Stadium AAS-Stadium AAS-Stadium AAS-Stadium AAS-Stadium AAS-Stadium AAS-Stadium AAS-Stadium AAS-Stadium AAS-Stadium AAS-Stadium AAS-Stadium AAS-Stadium AAS-Stadium AAS-Stadium AAS-Stadium AAS-Stadium AAS-Stadium AAS-Stadium AAS-Stadium AAS-Stadium AAS-Stadium AAS-Stadium AAS-Stadium AAS-Stadium AAS-Stadium AAS-Stadium AAS-Stadium AAS-Stadium AAS-Stadium AAS-Stadium AAS-Stadium AAS-Stadium AAS-Stadium AAS-Stadium AAS-Stadium AAS-Stadium AAS-Stadium AAS-Stadium AAS-Stadium AAS-Stadium AAS-Stadium AAS-Stadium AAS-Stadium AAS-Stadium AAS-Stadium AAS-Stadium AAS-Stadium,44129.6667,44129.70022,2897,5.5693,37,249.3151,0.4062,0.0702,home,FW
44129,Ethio vs Zambia II,Player 37,1st.quarter, game AAS-Stadium AAS-Stadium AAS-Stadium AAS-Stadium AAS-Stadium AAS-Stadium AAS-Stadium AAS-Stadium AAS-Stadium AAS-Stadium AAS-Stadium AAS-Stadium AAS-Stadium AAS-Stadium AAS-Stadium AAS-Stadium AAS-Stadium AAS-Stadium AAS-Stadium AAS-Stadium AAS-Stadium AAS-Stadium AAS-Stadium AAS-Stadium AAS-Stadium AAS-Stadium AAS-Stadium AAS-Stadium AAS-Stadium AAS-Stadium AAS-Stadium AAS-Stadium AAS-Stadium AAS-Stadium AAS-Stadium AAS-Stadium AAS-Stadium AAS-Stadium AAS-Stadium AAS-Stadium AAS-Stadium AAS-Stadium AAS-Stadium AAS-Stadium AAS-Stadium AAS-Stadium AAS-Stadium AAS-Stadium,44129.66651,44129.70137,2998,5.8222,54,264.3357,0.798,0.1811,home,FB
44129,Ethio vs Zambia II,Player 51,1st.quarter, game AAS-Stadium AAS-Stadium AAS-Stadium AAS-Stadium AAS-Stadium AAS-Stadium AAS-Stadium AAS-Stadium AAS-Stadium AAS-Stadium AAS-Stadium AAS-Stadium AAS-Stadium AAS-Stadium AAS-Stadium AAS-Stadium AAS-Stadium AAS-Stadium AAS-Stadium AAS-Stadium AAS-Stadium AAS-Stadium AAS-Stadium AAS-Stadium AAS-Stadium AAS-Stadium AAS-Stadium AAS-Stadium AAS-Stadium AAS-Stadium AAS-Stadium AAS-Stadium AAS-Stadium AAS-Stadium AAS-Stadium AAS-Stadium AAS-Stadium AAS-Stadium AAS-Stadium AAS-Stadium AAS-Stadium AAS-Stadium AAS-Stadium AAS-Stadium AAS-Stadium,44129.66666,44129.69995,2876,5.0991,31,248.1255,0.3393,0.0617,home,FW
44129,Ethio vs Zambia II,Player 58,1st.quarter, game AAS-Stadium AAS-Stadium AAS-Stadium AAS-Stadium AAS-Stadium AAS-Stadium AAS-Stadium AAS-Stadium AAS-Stadium AAS-Stadium AAS-Stadium AAS-Stadium AAS-Stadium AAS-Stadium AAS-Stadium AAS-Stadium AAS-Stadium AAS-Stadium AAS-Stadium AAS-Stadium AAS-Stadium AAS-Stadium AAS-Stadium AAS-Stadium AAS-Stadium AAS-Stadium AAS-Stadium AAS-Stadium AAS-Stadium AAS-Stadium AAS-Stadium AAS-Stadium AAS-Stadium AAS-Stadium AAS-Stadium AAS-Stadium AAS-Stadium AAS-Stadium AAS-Stadium,44129.66667,44129.70033,2908,5.6814,38,249.9704,0.3796,0.0161,home,MF
44129,Ethio vs Zambia II,Player 4,1st.quarter, game AAS-Stadium AAS-Stadium AAS-Stadium AAS-Stadium AAS-Stadium AAS-Stadium AAS-Stadium AAS-Stadium AAS-Stadium AAS-Stadium AAS-Stadium AAS-Stadium AAS-Stadium AAS-Stadium AAS-Stadium AAS-Stadium AAS-Stadium AAS-Stadium AAS-Stadium AAS-Stadium AAS-Stadium AAS-Stadium AAS-Stadium AAS-Stadium AAS-Stadium AAS-Stadium AAS-Stadium AAS-Stadium AAS-Stadium AAS-Stadium AAS-Stadium AAS-Stadium AAS-Stadium AAS-Stadium AAS-Stadium AAS-Stadium,44129.6666,44129.70058,2936,5.2343,34,223.7753,0.3432,0.0987,home,MF
44129,Ethio vs Zambia II,Player 59,1st.quarter, game AAS-Stadium AAS-Stadium AAS-Stadium AAS-Stadium AAS-Stadium AAS-Stadium AAS-Stadium AAS-Stadium AAS-Stadium AAS-Stadium AAS-Stadium AAS-Stadium AAS-Stadium AAS-Stadium AAS-Stadium AAS-Stadium AAS-Stadium AAS-Stadium AAS-Stadium AAS-Stadium AAS-Stadium AAS-Stadium AAS-Stadium AAS-Stadium AAS-Stadium AAS-Stadium AAS-Stadium,44129.66663,44129.70037,2915,5.4712,32,241.5517,0.237,0.0014,home,MF
44129,Ethio vs Zambia II,Player 8,1st.quarter, game AAS-Stadium AAS-Stadium AAS-Stadium AAS-Stadium AAS-Stadium AAS-Stadium AAS-Stadium AAS-Stadium AAS-Stadium AAS-Stadium AAS-Stadium AAS-Stadium AAS-Stadium AAS-Stadium AAS-Stadium AAS-Stadium AAS-Stadium AAS-Stadium AAS-Stadium AAS-Stadium AAS-Stadium AAS-Stadium AAS-Stadium AAS-Stadium,44129.66667,44129.7003,2906,5.4947,50,250.9295,0.6162,0.06,home,FW
44129,Ethio vs Zambia II,Player 10,1st.quarter, game AAS-Stadium AAS-Stadium AAS-Stadium AAS-Stadium AAS-Stadium AAS-Stadium AAS-Stadium AAS-Stadium AAS-Stadium AAS-Stadium AAS-Stadium AAS-Stadium AAS-Stadium AAS-Stadium AAS-Stadium,44129.66664,44129.70029,2907,4.851,29,222.3966,0.3899,0.0948,home,CB
44129,Ethio vs Zambia II,Player 53,2nd.quarter, game AAS-Stadium AAS-Stadium AAS-Stadium AAS-Stadium AAS-Stadium AAS-Stadium AAS-Stadium AAS-Stadium AAS-Stadium AAS-Stadium AAS-Stadium AAS-Stadium AAS-Stadium AAS-Stadium AAS-Stadium AAS-Stadium AAS-Stadium AAS-Stadium AAS-Stadium AAS-Stadium AAS-Stadium AAS-Stadium AAS-Stadium AAS-Stadium AAS-Stadium AAS-Stadium AAS-Stadium AAS-Stadium AAS-Stadium AAS-Stadium AAS-Stadium AAS-Stadium AAS-Stadium AAS-Stadium AAS-Stadium AAS-Stadium AAS-Stadium AAS-Stadium AAS-Stadium AAS-Stadium AAS-Stadium AAS-Stadium,44129.71663,44129.75003,2885,5.1586,45,237.6305,0.5471,0.0651,home,FW
44129,Ethio vs Zambia II,Player 4,2nd.quarter, game AAS-Stadium AAS-Stadium AAS-Stadium AAS-Stadium AAS-Stadium AAS-Stadium AAS-Stadium AAS-Stadium AAS-Stadium AAS-Stadium AAS-Stadium AAS-Stadium AAS-Stadium AAS-Stadium AAS-Stadium AAS-Stadium AAS-Stadium AAS-Stadium AAS-Stadium AAS-Stadium AAS-Stadium AAS-Stadium AAS-Stadium AAS-Stadium AAS-Stadium AAS-Stadium AAS-Stadium AAS-Stadium AAS-Stadium AAS-Stadium AAS-Stadium AAS-Stadium AAS-Stadium AAS-Stadium AAS-Stadium AAS-Stadium,44129.71673,44129.72983,1132,2.0799,16,89.7146,0.1819,0.0704,home,MF
44129,Ethio vs Zambia II,Player 40,2nd.quarter, game AAS-Stadium AAS-Stadium AAS-Stadium AAS-Stadium AAS-Stadium AAS-Stadium AAS-Stadium AAS-Stadium AAS-Stadium AAS-Stadium AAS-Stadium AAS-Stadium AAS-Stadium AAS-Stadium AAS-Stadium AAS-Stadium AAS-Stadium AAS-Stadium AAS-Stadium AAS-Stadium AAS-Stadium AAS-Stadium AAS-Stadium AAS-Stadium AAS-Stadium AAS-Stadium AAS-Stadium AAS-Stadium AAS-Stadium AAS-Stadium AAS-Stadium AAS-Stadium AAS-Stadium,44129.71669,44129.74999,2877,5.9059,33,257.7381,0.5073,0.0587,home,MF
44129,Ethio vs Zambia II,Player 14,2nd.quarter, game AAS-Stadium AAS-Stadium AAS-Stadium AAS-Stadium AAS-Stadium AAS-Stadium AAS-Stadium AAS-Stadium AAS-Stadium AAS-Stadium AAS-Stadium AAS-Stadium AAS-Stadium AAS-Stadium AAS-Stadium AAS-Stadium AAS-Stadium AAS-Stadium AAS-Stadium AAS-Stadium AAS-Stadium AAS-Stadium AAS-Stadium AAS-Stadium AAS-Stadium AAS-Stadium AAS-Stadium AAS-Stadium AAS-Stadium AAS-Stadium,44129.71665,44129.75002,2884,5.8223,42,260.2965,0.5338,0.023,home,MF
44129,Ethio vs Zambia II,Player 30,2nd.quarter, game AAS-Stadium AAS-Stadium AAS-Stadium AAS-Stadium AAS-Stadium AAS-Stadium AAS-Stadium AAS-Stadium AAS-Stadium AAS-Stadium AAS-Stadium AAS-Stadium AAS-Stadium AAS-Stadium AAS-Stadium AAS-Stadium AAS-Stadium AAS-Stadium AAS-Stadium AAS-Stadium AAS-Stadium AAS-Stadium AAS-Stadium AAS-Stadium AAS-Stadium AAS-Stadium AAS-Stadium AAS-Stadium AAS-Stadium AAS-Stadium,44129.71664,44129.74998,2881,6.0891,59,266.0435,0.7587,0.1667,home,FB
44129,Ethio vs Zambia II,Player 11,2nd.quarter, game AAS-Stadium AAS-Stadium AAS-Stadium AAS-Stadium AAS-Stadium AAS-Stadium AAS-Stadium AAS-Stadium AAS-Stadium AAS-Stadium AAS-Stadium AAS-Stadium AAS-Stadium AAS-Stadium AAS-Stadium AAS-Stadium AAS-Stadium AAS-Stadium,44129.71668,44129.74998,2877,4.6222,17,199.2838,0.2639,0.0243,home,CB
44129,Ethio vs Zambia II,Player 44,2nd.quarter, game AAS-Stadium AAS-Stadium AAS-Stadium AAS-Stadium AAS-Stadium AAS-Stadium AAS-Stadium AAS-Stadium AAS-Stadium AAS-Stadium AAS-Stadium AAS-Stadium,44129.71667,44129.75006,2885,4.8325,32,226.0813,0.2985,0.06,home,CB
44129,Ethio vs Zambia II,Player 6,2nd.quarter, game AAS-Stadium AAS-Stadium AAS-Stadium AAS-Stadium AAS-Stadium AAS-Stadium AAS-Stadium AAS-Stadium AAS-Stadium,44129.71666,44129.75007,2887,5.5897,34,244.2128,0.4561,0.0114,home,MF
44129,Ethio vs Zambia II,Player 15,2nd.quarter, game AAS-Stadium AAS-Stadium AAS-Stadium AAS-Stadium AAS-Stadium AAS-Stadium,44129.7317,44129.75,1581,3.3629,25,154.0566,0.3467,0.0511,home,MF
10/13/2019,ETH Vs UGNDA 13102019,Player 12,all, game friendly-match,43751.74157,43751.75555,1208,1.6481,15,80.5916,0.1524,0.0241,home,FW
43751,ETH Vs UGNDA 13102019,Player 27,all, game friendly-match,43751.73789,43751.75443,1429,2.1783,17,99.9678,0.227,0.0773,home,FW
43751,ETH Vs UGNDA 13102019,Player 29,all, game friendly-match,43751.72329,43751.75471,2715,4.9831,43,210.0113,0.6754,0.053,home,MF
43751,ETH Vs UGNDA 13102019,Player 4,all, game friendly-match,43751.66809,43751.75468,7482,10.9266,71,461.9027,0.9899,0.2698,home,MF
43751,ETH Vs UGNDA 13102019,Player 58,all, game friendly-match,43751.66836,43751.71558,4079,5.2349,41,226.4324,0.6369,0.086,home,MF
43751,ETH Vs UGNDA 13102019,Player 51,all, game friendly-match,43751.66808,43751.74922,7010,8.6218,66,405.5461,0.7325,0.2019,home,FW
43751,ETH Vs UGNDA 13102019,Player 28,all, game friendly-match,43751.66808,43751.72649,5046,7.703,72,355.6709,0.911,0.2078,home,FW
43751,ETH Vs UGNDA 13102019,Player 6,all, game friendly-match,43751.71565,43751.7546,3365,6.1109,38,273.5366,0.5311,0.0816,home,MF
43751,ETH Vs UGNDA 13102019,Player 5,all, game friendly-match,43751.66818,43751.74935,7013,5.8994,46,281.5783,0.7023,0.2096,home,FB
43751,ETH Vs UGNDA 13102019,Player 10,all, game friendly-match,43751.66829,43751.75438,7438,9.9327,76,466.4933,0.8102,0.1019,home,CB
43751,ETH Vs UGNDA 13102019,Player 11,all, game friendly-match,43751.66887,43751.75477,7421,9.7083,52,439.4376,0.6022,0.1653,home,CB
43751,ETH Vs UGNDA 13102019,Player 8,all, game friendly-match,43751.72399,43751.75271,2482,4.0715,36,178.3183,0.3982,0.0968,home,FW
43751,ETH Vs UGNDA 13102019,Player 14,all, game friendly-match,43751.66801,43751.7541,7438,10.7066,83,502.7074,1.2184,0.1007,home,MF
43751,ETH Vs UGNDA 13102019,Player 52,all, game friendly-match,43751.71531,43751.75407,3349,6.2514,58,276.1961,0.7729,0.1722,home,FB
43751,ETH Vs UGNDA 13102019,Player 42,all, game friendly-match,43751.66808,43751.75429,7448,6.0423,5,259.2612,0.0279,0.0007,home,GK
43751,ETH Vs UGNDA 13102019,Player 22,all, game friendly-match,43751.66808,43751.75439,7457,11.6355,95,465.4216,1.5015,0.2941,home,FB
43751,ETH Vs UGNDA 13102019,Player 45,all, game friendly-match,43751.66818,43751.72708,5089,8.3461,74,381.9246,1.0759,0.2483,home,FW
43751,ETH Vs UGNDA 13102019,Player 12,game, game friendly-match,43751.74254,43751.75066,701,1.4737,15,67.3975,0.1524,0.0241,home,FW
43751,ETH Vs UGNDA 13102019,Player 27,game, game friendly-match,43751.73951,43751.75006,911,1.9497,17,85.7345,0.227,0.0773,home,FW
43751,ETH Vs UGNDA 13102019,Player 29,game, game friendly-match,43751.72585,43751.75002,2088,4.6794,42,190.6894,0.6729,0.053,home,MF
43751,ETH Vs UGNDA 13102019,Player 4,game, game friendly-match,43751.66896,43751.74996,6037,10.5953,71,430.1411,0.9867,0.2698,home,MF
43751,ETH Vs UGNDA 13102019,Player 58,game, game friendly-match,43751.669,43751.70326,2960,5.0881,41,213.9066,0.6369,0.086,home,MF
43751,ETH Vs UGNDA 13102019,Player 51,game, game friendly-match,43751.669,43751.73982,5146,8.5145,66,396.6258,0.732,0.2019,home,FW
43751,ETH Vs UGNDA 13102019,Player 28,game, game friendly-match,43751.66887,43751.72621,3985,7.6671,72,348.8034,0.911,0.2078,home,FW
43751,ETH Vs UGNDA 13102019,Player 6,game, game friendly-match,43751.71567,43751.74995,2962,5.8644,37,261.4591,0.5311,0.0816,home,MF
43751,ETH Vs UGNDA 13102019,Player 5,game, game friendly-match,43751.6689,43751.70074,2751,5.1141,46,229.2561,0.7023,0.2096,home,FB
43751,ETH Vs UGNDA 13102019,Player 10,game, game friendly-match,43751.66893,43751.74999,6030,9.6548,76,436.0937,0.8102,0.1019,home,CB
43751,ETH Vs UGNDA 13102019,Player 11,game, game friendly-match,43751.66925,43751.75028,6047,9.4452,52,413.7842,0.6022,0.1653,home,CB
43751,ETH Vs UGNDA 13102019,Player 8,game, game friendly-match,43751.72525,43751.75025,2160,3.8645,36,168.6357,0.3982,0.0968,home,FW
43751,ETH Vs UGNDA 13102019,Player 14,game, game friendly-match,43751.66918,43751.74271,5406,10.5324,83,466.5867,1.2184,0.1007,home,MF
43751,ETH Vs UGNDA 13102019,Player 52,game, game friendly-match,43751.7154,43751.75016,3004,6.0377,58,265.1214,0.7729,0.1722,home,FB
43751,ETH Vs UGNDA 13102019,Player 42,game, game friendly-match,43751.66886,43751.75018,6100,5.7696,5,240.7527,0.0279,0.0007,home,GK
43751,ETH Vs UGNDA 13102019,Player 22,game, game friendly-match,43751.66895,43751.75,6064,11.3468,95,436.9093,1.5015,0.2941,home,FB
43751,ETH Vs UGNDA 13102019,Player 45,game, game friendly-match,43751.66906,43751.72564,3929,8.1157,74,368.3299,1.0759,0.2483,home,FW
43751,ETH Vs UGNDA 13102019,Player 12,2nd.quarter, game friendly-match,43751.74254,43751.75066,701,1.4737,15,67.3975,0.1524,0.0241,home,FW
43751,ETH Vs UGNDA 13102019,Player 27,2nd.quarter, game friendly-match,43751.73951,43751.75006,911,1.9497,17,85.7345,0.227,0.0773,home,FW
43751,ETH Vs UGNDA 13102019,Player 29,2nd.quarter, game friendly-match,43751.72585,43751.75002,2088,4.6794,42,190.6894,0.6729,0.053,home,MF
43751,ETH Vs UGNDA 13102019,Player 4,2nd.quarter, game friendly-match,43751.71467,43751.74996,3049,5.5503,34,229.9958,0.4583,0.1102,home,MF
43751,ETH Vs UGNDA 13102019,Player 51,2nd.quarter, game friendly-match,43751.71483,43751.73982,2159,3.6617,31,173.2842,0.3713,0.078,home,FW
43751,ETH Vs UGNDA 13102019,Player 28,2nd.quarter, game friendly-match,43751.71505,43751.72621,964,2.2032,21,100.285,0.3136,0.1027,home,FW
43751,ETH Vs UGNDA 13102019,Player 6,2nd.quarter, game friendly-match,43751.71567,43751.74995,2962,5.8644,37,261.4591,0.5311,0.0816,home,MF
43751,ETH Vs UGNDA 13102019,Player 10,2nd.quarter, game friendly-match,43751.71499,43751.74999,3024,5.0461,36,226.0796,0.4035,0.0095,home,CB
43751,ETH Vs UGNDA 13102019,Player 11,2nd.quarter, game friendly-match,43751.71474,43751.75028,3070,4.7641,23,207.8901,0.3029,0.0701,home,CB
43751,ETH Vs UGNDA 13102019,Player 8,2nd.quarter, game friendly-match,43751.72525,43751.75025,2160,3.8645,36,168.6357,0.3982,0.0968,home,FW
43751,ETH Vs UGNDA 13102019,Player 14,2nd.quarter, game friendly-match,43751.71487,43751.74271,2405,4.7064,37,205.4971,0.591,0.0495,home,MF
43751,ETH Vs UGNDA 13102019,Player 52,2nd.quarter, game friendly-match,43751.7154,43751.75016,3004,6.0377,58,265.1214,0.7729,0.1722,home,FB
43751,ETH Vs UGNDA 13102019,Player 42,2nd.quarter, game friendly-match,43751.71452,43751.75018,3080,3.0263,4,123.9612,0.0194,0.0007,home,GK
43751,ETH Vs UGNDA 13102019,Player 22,2nd.quarter, game friendly-match,43751.7147,43751.75,3050,6.0844,56,230.0156,0.7463,0.1197,home,FB
43751,ETH Vs UGNDA 13102019,Player 45,2nd.quarter, game friendly-match,43751.7148,43751.72564,937,2.2219,18,100.3488,0.3166,0.0699,home,FW
43751,ETH Vs UGNDA 13102019,Player 4,1st.quarter, game friendly-match,43751.66896,43751.70355,2989,5.045,37,200.1453,0.5284,0.1596,home,MF
43751,ETH Vs UGNDA 13102019,Player 58,1st.quarter, game friendly-match,43751.669,43751.70326,2960,5.0881,41,213.9066,0.6369,0.086,home,MF
43751,ETH Vs UGNDA 13102019,Player 51,1st.quarter, game friendly-match,43751.669,43751.70357,2987,4.8528,35,223.3416,0.3607,0.1238,home,FW
43751,ETH Vs UGNDA 13102019,Player 28,1st.quarter, game friendly-match,43751.66887,43751.70383,3021,5.4638,51,248.5185,0.5975,0.1051,home,FW
43751,ETH Vs UGNDA 13102019,Player 5,1st.quarter, game friendly-match,43751.6689,43751.70074,2751,5.1141,46,229.2561,0.7023,0.2096,home,FB
43751,ETH Vs UGNDA 13102019,Player 10,1st.quarter, game friendly-match,43751.66893,43751.70373,3007,4.6086,40,210.0141,0.4068,0.0924,home,CB
43751,ETH Vs UGNDA 13102019,Player 11,1st.quarter, game friendly-match,43751.66925,43751.70369,2976,4.681,29,205.8941,0.2993,0.0952,home,CB
43751,ETH Vs UGNDA 13102019,Player 14,1st.quarter, game friendly-match,43751.66918,43751.7039,3000,5.8261,46,261.0896,0.6274,0.0513,home,MF
43751,ETH Vs UGNDA 13102019,Player 42,1st.quarter, game friendly-match,43751.66886,43751.70381,3020,2.7433,1,116.7915,0.0085,0,home,GK
43751,ETH Vs UGNDA 13102019,Player 22,1st.quarter, game friendly-match,43751.66895,43751.70386,3014,5.2624,39,206.8937,0.7551,0.1744,home,FB
43751,ETH Vs UGNDA 13102019,Player 45,1st.quarter, game friendly-match,43751.66906,43751.70369,2992,5.8939,56,267.9812,0.7594,0.1784,home,FW
13/10/2019,ETH Vs UGNDA 13102019,Player 12,all, game friendly-match,43751.74157,43751.75555,1208,1.6481,15,80.5916,0.1524,0.0241,home,FW
43751,ETH Vs UGNDA 13102019,Player 27,all, game friendly-match,43751.73789,43751.75443,1429,2.1783,17,99.9678,0.227,0.0773,home,FW
43751,ETH Vs UGNDA 13102019,Player 29,all, game friendly-match,43751.72329,43751.75471,2715,4.9831,43,210.0113,0.6754,0.053,home,MF
43751,ETH Vs UGNDA 13102019,Player 4,all, game friendly-match,43751.66809,43751.75468,7482,10.9266,71,461.9027,0.9899,0.2698,home,MF
43751,ETH Vs UGNDA 13102019,Player 58,all, game friendly-match,43751.66836,43751.71558,4079,5.2349,41,226.4324,0.6369,0.086,home,MF
43751,ETH Vs UGNDA 13102019,Player 51,all, game friendly-match,43751.66808,43751.74922,7010,8.6218,66,405.5461,0.7325,0.2019,home,FW
43751,ETH Vs UGNDA 13102019,Player 28,all, game friendly-match,43751.66808,43751.72649,5046,7.703,72,355.6709,0.911,0.2078,home,FW
43751,ETH Vs UGNDA 13102019,Player 6,all, game friendly-match,43751.71565,43751.7546,3365,6.1109,38,273.5366,0.5311,0.0816,home,MF
43751,ETH Vs UGNDA 13102019,Player 5,all, game friendly-match,43751.66818,43751.74935,7013,5.8994,46,281.5783,0.7023,0.2096,home,FB
43751,ETH Vs UGNDA 13102019,Player 10,all, game friendly-match,43751.66829,43751.75438,7438,9.9327,76,466.4933,0.8102,0.1019,home,CB
43751,ETH Vs UGNDA 13102019,Player 11,all, game friendly-match,43751.66887,43751.75477,7421,9.7083,52,439.4376,0.6022,0.1653,home,CB
43751,ETH Vs UGNDA 13102019,Player 8,all, game friendly-match,43751.72399,43751.75271,2482,4.0715,36,178.3183,0.3982,0.0968,home,FW
43751,ETH Vs UGNDA 13102019,Player 14,all, game friendly-match,43751.66801,43751.7541,7438,10.7066,83,502.7074,1.2184,0.1007,home,MF
43751,ETH Vs UGNDA 13102019,Player 52,all, game friendly-match,43751.71531,43751.75407,3349,6.2514,58,276.1961,0.7729,0.1722,home,FB
43751,ETH Vs UGNDA 13102019,Player 42,all, game friendly-match,43751.66808,43751.75429,7448,6.0423,5,259.2612,0.0279,0.0007,home,GK
43751,ETH Vs UGNDA 13102019,Player 22,all, game friendly-match,43751.66808,43751.75439,7457,11.6355,95,465.4216,1.5015,0.2941,home,FB
43751,ETH Vs UGNDA 13102019,Player 45,all, game friendly-match,43751.66818,43751.72708,5089,8.3461,74,381.9246,1.0759,0.2483,home,FW
43751,ETH Vs UGNDA 13102019,Player 12,game, game friendly-match,43751.74254,43751.75066,701,1.4737,15,67.3975,0.1524,0.0241,home,FW
43751,ETH Vs UGNDA 13102019,Player 27,game, game friendly-match,43751.73951,43751.75006,911,1.9497,17,85.7345,0.227,0.0773,home,FW
43751,ETH Vs UGNDA 13102019,Player 29,game, game friendly-match,43751.72585,43751.75002,2088,4.6794,42,190.6894,0.6729,0.053,home,MF
43751,ETH Vs UGNDA 13102019,Player 4,game, game friendly-match,43751.66896,43751.74996,6037,10.5953,71,430.1411,0.9867,0.2698,home,MF
43751,ETH Vs UGNDA 13102019,Player 58,game, game friendly-match,43751.669,43751.70326,2960,5.0881,41,213.9066,0.6369,0.086,home,MF
43751,ETH Vs UGNDA 13102019,Player 51,game, game friendly-match,43751.669,43751.73982,5146,8.5145,66,396.6258,0.732,0.2019,home,FW
43751,ETH Vs UGNDA 13102019,Player 28,game, game friendly-match,43751.66887,43751.72621,3985,7.6671,72,348.8034,0.911,0.2078,home,FW
43751,ETH Vs UGNDA 13102019,Player 6,game, game friendly-match,43751.71567,43751.74995,2962,5.8644,37,261.4591,0.5311,0.0816,home,MF
43751,ETH Vs UGNDA 13102019,Player 5,game, game friendly-match,43751.6689,43751.70074,2751,5.1141,46,229.2561,0.7023,0.2096,home,FB
43751,ETH Vs UGNDA 13102019,Player 10,game, game friendly-match,43751.66893,43751.74999,6030,9.6548,76,436.0937,0.8102,0.1019,home,CB
43751,ETH Vs UGNDA 13102019,Player 11,game, game friendly-match,43751.66925,43751.75028,6047,9.4452,52,413.7842,0.6022,0.1653,home,CB
43751,ETH Vs UGNDA 13102019,Player 8,game, game friendly-match,43751.72525,43751.75025,2160,3.8645,36,168.6357,0.3982,0.0968,home,FW
43751,ETH Vs UGNDA 13102019,Player 14,game, game friendly-match,43751.66918,43751.74271,5406,10.5324,83,466.5867,1.2184,0.1007,home,MF
43751,ETH Vs UGNDA 13102019,Player 52,game, game friendly-match,43751.7154,43751.75016,3004,6.0377,58,265.1214,0.7729,0.1722,home,FB
43751,ETH Vs UGNDA 13102019,Player 42,game, game friendly-match,43751.66886,43751.75018,6100,5.7696,5,240.7527,0.0279,0.0007,home,GK
43751,ETH Vs UGNDA 13102019,Player 22,game, game friendly-match,43751.66895,43751.75,6064,11.3468,95,436.9093,1.5015,0.2941,home,FB
43751,ETH Vs UGNDA 13102019,Player 45,game, game friendly-match,43751.66906,43751.72564,3929,8.1157,74,368.3299,1.0759,0.2483,home,FW
43751,ETH Vs UGNDA 13102019,Player 12,2nd.quarter, game friendly-match,43751.74254,43751.75066,701,1.4737,15,67.3975,0.1524,0.0241,home,FW
43751,ETH Vs UGNDA 13102019,Player 27,2nd.quarter, game friendly-match,43751.73951,43751.75006,911,1.9497,17,85.7345,0.227,0.0773,home,FW
43751,ETH Vs UGNDA 13102019,Player 29,2nd.quarter, game friendly-match,43751.72585,43751.75002,2088,4.6794,42,190.6894,0.6729,0.053,home,MF
43751,ETH Vs UGNDA 13102019,Player 4,2nd.quarter, game friendly-match,43751.71467,43751.74996,3049,5.5503,34,229.9958,0.4583,0.1102,home,MF
43751,ETH Vs UGNDA 13102019,Player 51,2nd.quarter, game friendly-match,43751.71483,43751.73982,2159,3.6617,31,173.2842,0.3713,0.078,home,FW
43751,ETH Vs UGNDA 13102019,Player 28,2nd.quarter, game friendly-match,43751.71505,43751.72621,964,2.2032,21,100.285,0.3136,0.1027,home,FW
43751,ETH Vs UGNDA 13102019,Player 6,2nd.quarter, game friendly-match,43751.71567,43751.74995,2962,5.8644,37,261.4591,0.5311,0.0816,home,MF
43751,ETH Vs UGNDA 13102019,Player 10,2nd.quarter, game friendly-match,43751.71499,43751.74999,3024,5.0461,36,226.0796,0.4035,0.0095,home,CB
43751,ETH Vs UGNDA 13102019,Player 11,2nd.quarter, game friendly-match,43751.71474,43751.75028,3070,4.7641,23,207.8901,0.3029,0.0701,home,CB
43751,ETH Vs UGNDA 13102019,Player 8,2nd.quarter, game friendly-match,43751.72525,43751.75025,2160,3.8645,36,168.6357,0.3982,0.0968,home,FW
43751,ETH Vs UGNDA 13102019,Player 14,2nd.quarter, game friendly-match,43751.71487,43751.74271,2405,4.7064,37,205.4971,0.591,0.0495,home,MF
43751,ETH Vs UGNDA 13102019,Player 52,2nd.quarter, game friendly-match,43751.7154,43751.75016,3004,6.0377,58,265.1214,0.7729,0.1722,home,FB
43751,ETH Vs UGNDA 13102019,Player 42,2nd.quarter, game friendly-match,43751.71452,43751.75018,3080,3.0263,4,123.9612,0.0194,0.0007,home,GK
43751,ETH Vs UGNDA 13102019,Player 22,2nd.quarter, game friendly-match,43751.7147,43751.75,3050,6.0844,56,230.0156,0.7463,0.1197,home,FB
43751,ETH Vs UGNDA 13102019,Player 45,2nd.quarter, game friendly-match,43751.7148,43751.72564,937,2.2219,18,100.3488,0.3166,0.0699,home,FW
43751,ETH Vs UGNDA 13102019,Player 4,1st.quarter, game friendly-match,43751.66896,43751.70355,2989,5.045,37,200.1453,0.5284,0.1596,home,MF
43751,ETH Vs UGNDA 13102019,Player 58,1st.quarter, game friendly-match,43751.669,43751.70326,2960,5.0881,41,213.9066,0.6369,0.086,home,MF
43751,ETH Vs UGNDA 13102019,Player 51,1st.quarter, game friendly-match,43751.669,43751.70357,2987,4.8528,35,223.3416,0.3607,0.1238,home,FW
43751,ETH Vs UGNDA 13102019,Player 28,1st.quarter, game friendly-match,43751.66887,43751.70383,3021,5.4638,51,248.5185,0.5975,0.1051,home,FW
43751,ETH Vs UGNDA 13102019,Player 5,1st.quarter, game friendly-match,43751.6689,43751.70074,2751,5.1141,46,229.2561,0.7023,0.2096,home,FB
43751,ETH Vs UGNDA 13102019,Player 10,1st.quarter, game friendly-match,43751.66893,43751.70373,3007,4.6086,40,210.0141,0.4068,0.0924,home,CB
43751,ETH Vs UGNDA 13102019,Player 11,1st.quarter, game friendly-match,43751.66925,43751.70369,2976,4.681,29,205.8941,0.2993,0.0952,home,CB
43751,ETH Vs UGNDA 13102019,Player 14,1st.quarter, game friendly-match,43751.66918,43751.7039,3000,5.8261,46,261.0896,0.6274,0.0513,home,MF
43751,ETH Vs UGNDA 13102019,Player 42,1st.quarter, game friendly-match,43751.66886,43751.70381,3020,2.7433,1,116.7915,0.0085,0,home,GK
43751,ETH Vs UGNDA 13102019,Player 22,1st.quarter, game friendly-match,43751.66895,43751.70386,3014,5.2624,39,206.8937,0.7551,0.1744,home,FB
43751,ETH Vs UGNDA 13102019,Player 45,1st.quarter, game friendly-match,43751.66906,43751.70369,2992,5.8939,56,267.9812,0.7594,0.1784,home,FW
8/19/2022,Eth Vs Uganda August 19 2022,Player 39,all, eth-vs-ugan-1,44792.66818,44792.71281,3856,5.2932,40,234.4215,0.5303,0.0335,away,FB
44792,Eth Vs Uganda August 19 2022,Player 40,all, eth-vs-ugan-1,44792.6682,44792.71283,3856,6.3816,39,277.6693,0.4971,0.1592,away,MF
44792,Eth Vs Uganda August 19 2022,Player 6,all, eth-vs-ugan-1,44792.6681,44792.735,5780,9.4843,72,419.4974,0.6638,0.0672,away,MF
44792,Eth Vs Uganda August 19 2022,Player 64,all, eth-vs-ugan-1,44792.73345,44792.75178,1583,2.8748,31,123.7513,0.3068,0.0654,away,FW
44792,Eth Vs Uganda August 19 2022,Player 61,all, eth-vs-ugan-1,44792.71176,44792.75207,3482,6.1045,38,281.683,0.3878,0.0547,away,FB
44792,Eth Vs Uganda August 19 2022,Player 13,all, eth-vs-ugan-1,44792.66808,44792.73544,5819,8.286,58,413.4015,0.816,0.0862,away,FB
44792,Eth Vs Uganda August 19 2022,Player 16,all, eth-vs-ugan-1,44792.7115,44792.75185,3487,6.1766,44,284.7087,0.6075,0.0169,away,MF
44792,Eth Vs Uganda August 19 2022,Player 57,all, eth-vs-ugan-1,44792.73245,44792.75202,1691,3.0722,30,130.3636,0.4615,0.0465,away,FB
44792,Eth Vs Uganda August 19 2022,Player 46,all, eth-vs-ugan-1,44792.73233,44792.7518,1682,2.9096,26,141.8083,0.2221,0.0458,away,MF
44792,Eth Vs Uganda August 19 2022,Player 18,all, eth-vs-ugan-1,44792.71107,44792.75174,3514,5.9691,52,286.9705,0.6373,0.0831,away,FW
44792,Eth Vs Uganda August 19 2022,Player 48,all, eth-vs-ugan-1,44792.7116,44792.75249,3533,5.9017,47,266.3676,0.5244,0.1223,away,CB
44792,Eth Vs Uganda August 19 2022,Player 31,all, eth-vs-ugan-1,44792.66806,44792.71303,3885,5.6452,33,228.8569,0.3502,0.062,away,MF
44792,Eth Vs Uganda August 19 2022,Player 20,all, eth-vs-ugan-1,44792.6682,44792.73514,5784,8.136,54,373.8848,0.5985,0.2099,away,FW
44792,Eth Vs Uganda August 19 2022,Player 47,all, eth-vs-ugan-1,44792.66808,44792.75222,7270,10.4048,54,516.9626,0.5131,0.1189,away,CB
44792,Eth Vs Uganda August 19 2022,Player 63,all, eth-vs-ugan-1,44792.66818,44792.75244,7280,11.2357,72,478.7567,0.7128,0.0937,away,CB
44792,Eth Vs Uganda August 19 2022,Player 15,all, eth-vs-ugan-1,44792.6682,44792.73812,6041,10.5494,88,484.8311,1.1296,0.3524,away,MF
44792,Eth Vs Uganda August 19 2022,Player 19,all, eth-vs-ugan-1,44792.66808,44792.71264,3850,5.7046,40,262.8259,0.4114,0.0823,away,FW
44792,Eth Vs Uganda August 19 2022,Player 39,game, eth-vs-ugan-1,44792.66993,44792.70196,2767,5.1298,40,224.3802,0.5303,0.0335,away,FB
44792,Eth Vs Uganda August 19 2022,Player 40,game, eth-vs-ugan-1,44792.66998,44792.70207,2772,6.2037,38,261.6004,0.4875,0.1592,away,MF
44792,Eth Vs Uganda August 19 2022,Player 6,game, eth-vs-ugan-1,44792.66996,44792.73316,4738,9.2996,72,396.4973,0.6638,0.0672,away,MF
44792,Eth Vs Uganda August 19 2022,Player 64,game, eth-vs-ugan-1,44792.73355,44792.74832,1277,2.7273,31,115.5574,0.3068,0.0654,away,FW
44792,Eth Vs Uganda August 19 2022,Player 61,game, eth-vs-ugan-1,44792.71443,44792.74826,2923,5.8233,37,265.5556,0.3878,0.0547,away,FB
44792,Eth Vs Uganda August 19 2022,Player 13,game, eth-vs-ugan-1,44792.66997,44792.73329,4387,7.8314,58,380.7054,0.816,0.0862,away,FB
44792,Eth Vs Uganda August 19 2022,Player 16,game, eth-vs-ugan-1,44792.7146,44792.7484,2920,5.8685,43,262.3986,0.595,0.0169,away,MF
44792,Eth Vs Uganda August 19 2022,Player 57,game, eth-vs-ugan-1,44792.73337,44792.74826,1286,2.8936,29,119.9101,0.4598,0.0465,away,FB
44792,Eth Vs Uganda August 19 2022,Player 46,game, eth-vs-ugan-1,44792.7334,44792.74833,1290,2.7673,26,130.6512,0.2221,0.0458,away,MF
44792,Eth Vs Uganda August 19 2022,Player 18,game, eth-vs-ugan-1,44792.71464,44792.74815,2895,5.5977,52,260.8665,0.6373,0.0831,away,FW
44792,Eth Vs Uganda August 19 2022,Player 48,game, eth-vs-ugan-1,44792.71444,44792.74814,2912,5.6116,47,248.9298,0.5244,0.1223,away,CB
44792,Eth Vs Uganda August 19 2022,Player 31,game, eth-vs-ugan-1,44792.66998,44792.70195,2762,5.4362,33,211.3162,0.3502,0.062,away,MF
44792,Eth Vs Uganda August 19 2022,Player 20,game, eth-vs-ugan-1,44792.66989,44792.73307,4387,7.7201,53,349.0505,0.598,0.2099,away,FW
44792,Eth Vs Uganda August 19 2022,Player 47,game, eth-vs-ugan-1,44792.66925,44792.74843,6165,10.2141,54,497.4127,0.5131,0.1189,away,CB
44792,Eth Vs Uganda August 19 2022,Player 63,game, eth-vs-ugan-1,44792.66953,44792.74818,5820,10.7484,72,449.8687,0.7128,0.0937,away,CB
44792,Eth Vs Uganda August 19 2022,Player 15,game, eth-vs-ugan-1,44792.66974,44792.73764,4800,10.0934,86,451.0384,1.1117,0.3524,away,MF
44792,Eth Vs Uganda August 19 2022,Player 19,game, eth-vs-ugan-1,44792.66996,44792.7021,2777,5.566,40,252.5009,0.4114,0.0823,away,FW
44792,Eth Vs Uganda August 19 2022,Player 39,1st.quarter, eth-vs-ugan-1,44792.66993,44792.70196,2767,5.1298,40,224.3802,0.5303,0.0335,away,FB
44792,Eth Vs Uganda August 19 2022,Player 40,1st.quarter, eth-vs-ugan-1,44792.66998,44792.70207,2772,6.2037,38,261.6004,0.4875,0.1592,away,MF
44792,Eth Vs Uganda August 19 2022,Player 6,1st.quarter, eth-vs-ugan-1,44792.66996,44792.70215,2781,5.9536,49,249.2036,0.5174,0.0665,away,MF
44792,Eth Vs Uganda August 19 2022,Player 13,1st.quarter, eth-vs-ugan-1,44792.66997,44792.70223,2786,5.0741,36,247.3636,0.5921,0.0776,away,FB
44792,Eth Vs Uganda August 19 2022,Player 31,1st.quarter, eth-vs-ugan-1,44792.66998,44792.70195,2762,5.4362,33,211.3162,0.3502,0.062,away,MF
44792,Eth Vs Uganda August 19 2022,Player 20,1st.quarter, eth-vs-ugan-1,44792.66989,44792.70215,2787,5.0272,35,225.2402,0.4101,0.1842,away,FW
44792,Eth Vs Uganda August 19 2022,Player 47,1st.quarter, eth-vs-ugan-1,44792.66925,44792.70263,2883,5.0761,28,246.6613,0.2776,0.0939,away,CB
44792,Eth Vs Uganda August 19 2022,Player 63,1st.quarter, eth-vs-ugan-1,44792.66953,44792.70318,2905,5.5814,43,233.1966,0.3935,0.0353,away,CB
44792,Eth Vs Uganda August 19 2022,Player 15,1st.quarter, eth-vs-ugan-1,44792.66974,44792.70197,2785,6.0335,49,271.1107,0.6521,0.2508,away,MF
44792,Eth Vs Uganda August 19 2022,Player 19,1st.quarter, eth-vs-ugan-1,44792.66996,44792.7021,2777,5.566,40,252.5009,0.4114,0.0823,away,FW
44792,Eth Vs Uganda August 19 2022,Player 6,2nd.quarter, eth-vs-ugan-1,44792.7105,44792.73316,1957,3.346,23,147.2937,0.1463,0.0007,away,MF
44792,Eth Vs Uganda August 19 2022,Player 64,2nd.quarter, eth-vs-ugan-1,44792.73355,44792.74832,1277,2.7273,31,115.5574,0.3068,0.0654,away,FW
44792,Eth Vs Uganda August 19 2022,Player 61,2nd.quarter, eth-vs-ugan-1,44792.71443,44792.74826,2923,5.8233,37,265.5556,0.3878,0.0547,away,FB
44792,Eth Vs Uganda August 19 2022,Player 13,2nd.quarter, eth-vs-ugan-1,44792.71477,44792.73329,1600,2.7573,22,133.3418,0.2239,0.0086,away,FB
44792,Eth Vs Uganda August 19 2022,Player 16,2nd.quarter, eth-vs-ugan-1,44792.7146,44792.7484,2920,5.8685,43,262.3986,0.595,0.0169,away,MF
44792,Eth Vs Uganda August 19 2022,Player 57,2nd.quarter, eth-vs-ugan-1,44792.73337,44792.74826,1286,2.8936,29,119.9101,0.4598,0.0465,away,FB
44792,Eth Vs Uganda August 19 2022,Player 46,2nd.quarter, eth-vs-ugan-1,44792.7334,44792.74833,1290,2.7673,26,130.6512,0.2221,0.0458,away,MF
44792,Eth Vs Uganda August 19 2022,Player 18,2nd.quarter, eth-vs-ugan-1,44792.71464,44792.74815,2895,5.5977,52,260.8665,0.6373,0.0831,away,FW
44792,Eth Vs Uganda August 19 2022,Player 48,2nd.quarter, eth-vs-ugan-1,44792.71444,44792.74814,2912,5.6116,47,248.9298,0.5244,0.1223,away,CB
44792,Eth Vs Uganda August 19 2022,Player 20,2nd.quarter, eth-vs-ugan-1,44792.71456,44792.73307,1600,2.6929,18,123.8102,0.1878,0.0257,away,FW
44792,Eth Vs Uganda August 19 2022,Player 47,2nd.quarter, eth-vs-ugan-1,44792.71046,44792.74843,3281,5.1379,26,250.7514,0.2355,0.025,away,CB
44792,Eth Vs Uganda August 19 2022,Player 63,2nd.quarter, eth-vs-ugan-1,44792.71445,44792.74818,2914,5.167,29,216.6721,0.3193,0.0584,away,CB
8/19/2022,Eth Vs Uganda August 19 2022,Player 15,2nd.quarter, eth-vs-ugan-1,44792.71432,44792.73764,2015,4.0598,37,179.9277,0.4595,0.1016,away,MF
8/29/2021,ETH Vs UGANDA 29082021,Player 22,all, game,44437.67209,44437.71558,3757,5.5587,41,241.7351,0.6262,0.0818,home,FB
44437,ETH Vs UGANDA 29082021,Player 13,all, game,44437.62373,44437.71555,7933,10.6481,67,545.3816,0.9575,0.1002,home,FB
44437,ETH Vs UGANDA 29082021,Player 3,all, game,44437.62399,44437.68939,5650,6.587,56,282.2357,0.6421,0.1317,home,FW
44437,ETH Vs UGANDA 29082021,Player 43,all, game,44437.67686,44437.71576,3361,4.4737,26,208.635,0.2989,0.013,home,CB
44437,ETH Vs UGANDA 29082021,Player 16,all, game,44437.6672,44437.69273,2206,3.1725,26,150.7654,0.1646,0,home,MF
44437,ETH Vs UGANDA 29082021,Player 16,all, game training,44437.62393,44437.6645,3505,6.2534,33,298.0261,0.2274,0,home,MF
44437,ETH Vs UGANDA 29082021,Player 2,all, game,44437.62406,44437.71603,7946,10.7275,71,467.7016,0.9832,0.1576,home,FW
44437,ETH Vs UGANDA 29082021,Player 47,all, game,44437.6239,44437.71595,7954,10.584,50,563.2845,0.5045,0.0985,home,CB
44437,ETH Vs UGANDA 29082021,Player 19,all, game,44437.67671,44437.7154,3343,5.5539,43,254.5645,0.4892,0.0705,home,FW
44437,ETH Vs UGANDA 29082021,Player 8,all, game,44437.62406,44437.69001,5698,7.0139,57,317.8955,0.6764,0.1271,home,FW
44437,ETH Vs UGANDA 29082021,Player 31,all, game,44437.62383,44437.7161,7972,12.2444,74,490.8117,0.6965,0.0896,home,MF
44437,ETH Vs UGANDA 29082021,Player 53,all, game,44437.67649,44437.71577,3394,5.1761,41,219.2144,0.5276,0.1079,home,FW
44437,ETH Vs UGANDA 29082021,Player 62,all, game,44437.676,44437.83109,13400,0.4998,1,27.5513,0.0088,0,home,MF
44437,ETH Vs UGANDA 29082021,Player 54,all, game training,44437.62373,44437.66231,3333,5.9148,41,294.031,0.3793,0.0619,home,MF
44437,ETH Vs UGANDA 29082021,Player 22,game, game,44437.67433,44437.70828,2933,5.1815,41,219.5952,0.6262,0.0818,home,FB
44437,ETH Vs UGANDA 29082021,Player 13,game, game,44437.62855,44437.70839,5760,10.1858,67,510.6207,0.9575,0.1002,home,FB
44437,ETH Vs UGANDA 29082021,Player 3,game, game,44437.62847,44437.67849,3164,6.167,55,245.2623,0.6323,0.1317,home,FW
44437,ETH Vs UGANDA 29082021,Player 43,game, game,44437.67907,44437.7083,2526,4.2438,26,194.993,0.2989,0.013,home,CB
44437,ETH Vs UGANDA 29082021,Player 16,game, game,44437.67429,44437.69113,1455,2.9202,26,133.8444,0.1646,0,home,MF
44437,ETH Vs UGANDA 29082021,Player 16,game, game training,44437.62844,44437.66106,2818,6.1141,33,286.7827,0.2274,0,home,MF
44437,ETH Vs UGANDA 29082021,Player 2,game, game,44437.6284,44437.70171,5193,10.1833,71,420.3602,0.9832,0.1576,home,FW
44437,ETH Vs UGANDA 29082021,Player 47,game, game,44437.62853,44437.70817,5739,9.9983,49,521.9345,0.4898,0.0985,home,CB
44437,ETH Vs UGANDA 29082021,Player 19,game, game,44437.6791,44437.70836,2529,5.3265,43,237.9512,0.4892,0.0705,home,FW
44437,ETH Vs UGANDA 29082021,Player 8,game, game,44437.62844,44437.67893,3213,6.5901,57,290.8326,0.6759,0.1271,home,FW
44437,ETH Vs UGANDA 29082021,Player 31,game, game,44437.62854,44437.7083,5766,11.583,72,453.1026,0.6929,0.0896,home,MF
44437,ETH Vs UGANDA 29082021,Player 53,game, game,44437.67912,44437.70841,2531,4.8064,41,205.7083,0.5276,0.1079,home,FW
44437,ETH Vs UGANDA 29082021,Player 62,game, game,44437.6827,44437.78685,5060,0.4397,1,24.7519,0.0088,0,home,MF
44437,ETH Vs UGANDA 29082021,Player 54,game, game training,44437.62846,44437.66125,2833,5.7581,41,283.4485,0.3793,0.0619,home,MF
44437,ETH Vs UGANDA 29082021,Player 22,2nd.quarter, game,44437.67433,44437.70828,2933,5.1815,41,219.5952,0.6262,0.0818,home,FB
44437,ETH Vs UGANDA 29082021,Player 13,2nd.quarter, game,44437.67426,44437.70839,2949,4.821,32,245.9172,0.455,0.0574,home,FB
44437,ETH Vs UGANDA 29082021,Player 3,2nd.quarter, game,44437.67447,44437.67849,347,0.7197,11,28.9753,0.1179,0.0064,home,FW
44437,ETH Vs UGANDA 29082021,Player 43,2nd.quarter, game,44437.67907,44437.7083,2526,4.2438,26,194.993,0.2989,0.013,home,CB
44437,ETH Vs UGANDA 29082021,Player 16,2nd.quarter, game,44437.67429,44437.69113,1455,2.9202,26,133.8444,0.1646,0,home,MF
44437,ETH Vs UGANDA 29082021,Player 2,2nd.quarter, game,44437.67428,44437.70171,2370,4.4472,30,188.7072,0.3437,0.0471,home,FW
44437,ETH Vs UGANDA 29082021,Player 47,2nd.quarter, game,44437.67435,44437.70817,2921,4.6623,24,243.5007,0.2445,0.0268,home,CB
44437,ETH Vs UGANDA 29082021,Player 19,2nd.quarter, game,44437.6791,44437.70836,2529,5.3265,43,237.9512,0.4892,0.0705,home,FW
44437,ETH Vs UGANDA 29082021,Player 8,2nd.quarter, game,44437.67438,44437.67893,394,0.8664,9,38.1328,0.086,0.0057,home,FW
44437,ETH Vs UGANDA 29082021,Player 31,2nd.quarter, game,44437.67423,44437.7083,2944,5.532,36,213.7638,0.3214,0.067,home,MF
44437,ETH Vs UGANDA 29082021,Player 53,2nd.quarter, game,44437.67912,44437.70841,2531,4.8064,41,205.7083,0.5276,0.1079,home,FW
44437,ETH Vs UGANDA 29082021,Player 62,2nd.quarter, game,44437.76534,44437.78685,1859,0.3798,1,18.8275,0.0088,0,home,MF
44437,ETH Vs UGANDA 29082021,Player 13,1st.quarter, game,44437.62855,44437.66107,2810,5.3648,35,264.7035,0.5025,0.0428,home,FB
44437,ETH Vs UGANDA 29082021,Player 3,1st.quarter, game,44437.62847,44437.66108,2817,5.4472,44,216.2869,0.5143,0.1253,home,FW
44437,ETH Vs UGANDA 29082021,Player 16,1st.quarter, game training,44437.62844,44437.66106,2818,6.1141,33,286.7827,0.2274,0,home,MF
44437,ETH Vs UGANDA 29082021,Player 2,1st.quarter, game,44437.6284,44437.66107,2823,5.736,41,231.653,0.6396,0.1105,home,FW
44437,ETH Vs UGANDA 29082021,Player 47,1st.quarter, game,44437.62853,44437.66114,2817,5.336,25,278.4339,0.2453,0.0718,home,CB
44437,ETH Vs UGANDA 29082021,Player 8,1st.quarter, game,44437.62844,44437.66107,2819,5.7237,48,252.6998,0.5898,0.1213,home,FW
44437,ETH Vs UGANDA 29082021,Player 31,1st.quarter, game,44437.62854,44437.6612,2822,6.051,36,239.3388,0.3715,0.0226,home,MF
44437,ETH Vs UGANDA 29082021,Player 62,1st.quarter, game,44437.6827,44437.71975,3202,0.0599,0,5.9244,0,0,home,MF
44437,ETH Vs UGANDA 29082021,Player 54,1st.quarter, game training,44437.62846,44437.66125,2833,5.7581,41,283.4485,0.3793,0.0619,home,MF
44434,ETH Vs SERALION August 26 2021,Player 65,all, game Friendly-Game,44434.62225,44434.7066,7288,12.1388,64,571.5329,0.7328,0.0806,away,MF
44434,ETH Vs SERALION August 26 2021,Player 59,all, game Friendly-Game,44434.62225,44434.6908,5923,9.804,51,459.8924,0.4389,0.0176,away,MF
44434,ETH Vs SERALION August 26 2021,Player 46,all, game Friendly-Game,44434.62221,44434.70694,7321,12.3034,78,531.6997,0.8263,0.0174,away,MF
44434,ETH Vs SERALION August 26 2021,Player 53,all, game Friendly-Game,44434.62225,44434.68316,5263,8.0695,58,355.5441,0.6894,0.1642,away,FB
44434,ETH Vs SERALION August 26 2021,Player 11,all, game Friendly-Game,44434.62219,44434.68337,5287,7.654,40,353.0148,0.3815,0.0423,away,CB
44434,ETH Vs SERALION August 26 2021,Player 47,all, game Friendly-Game,44434.68011,44434.70692,2316,3.4922,15,184.5118,0.1384,0.0687,away,CB
44434,ETH Vs SERALION August 26 2021,Player 58,all, game Friendly-Game,44434.62225,44434.66043,3298,5.9859,35,255.754,0.487,0.0979,away,MF
44434,ETH Vs SERALION August 26 2021,Player 8,all, game Friendly-Game,44434.62225,44434.69709,6467,10.4982,97,474.9285,1.1558,0.1461,away,FW
44434,ETH Vs SERALION August 26 2021,Player 16,all, game Friendly-Game,44434.68961,44434.70644,1454,2.3464,15,110.3946,0.1784,0,away,MF
44434,ETH Vs SERALION August 26 2021,Player 28,all, game Friendly-Game,44434.68051,44434.70672,2264,3.3603,28,144.6284,0.3667,0.0447,away,FW
44434,ETH Vs SERALION August 26 2021,Player 63,all, game Friendly-Game,44434.62225,44434.70216,6904,11.3549,69,471.1794,0.669,0.125,away,CB
44434,ETH Vs SERALION August 26 2021,Player 22,all, game Friendly-Game,44434.68961,44434.70655,1464,2.1727,19,99.0653,0.2215,0.0304,away,FB
44434,ETH Vs SERALION August 26 2021,Player 57,all, game Friendly-Game,44434.62226,44434.70662,7289,11.4929,91,497.0161,1.2495,0.3285,away,FB
44434,ETH Vs SERALION August 26 2021,Player 2,all, game Friendly-Game,44434.68028,44434.70662,2276,4.0266,37,178.3081,0.4995,0.0244,away,FW
44434,ETH Vs SERALION August 26 2021,Player 52,all, game Friendly-Game,44434.62225,44434.6906,5906,8.9993,73,430.2773,0.8556,0.2117,away,FB
44434,ETH Vs SERALION August 26 2021,Player 65,game, game Friendly-Game,44434.62573,44434.70132,5679,11.6376,64,538.3191,0.7328,0.0806,away,MF
44434,ETH Vs SERALION August 26 2021,Player 59,game, game Friendly-Game,44434.62574,44434.68936,4587,9.3352,51,430.8828,0.4389,0.0176,away,MF
44434,ETH Vs SERALION August 26 2021,Player 46,game, game Friendly-Game,44434.62568,44434.70136,5648,11.881,78,509.0667,0.8263,0.0174,away,MF
44434,ETH Vs SERALION August 26 2021,Player 53,game, game Friendly-Game,44434.62583,44434.68248,4019,7.6612,58,334.5393,0.6894,0.1642,away,FB
44434,ETH Vs SERALION August 26 2021,Player 11,game, game Friendly-Game,44434.62566,44434.68202,3960,7.1394,39,321.4075,0.368,0.0423,away,CB
44434,ETH Vs SERALION August 26 2021,Player 47,game, game Friendly-Game,44434.68274,44434.70136,1610,3.1783,15,164.7067,0.1384,0.0687,away,CB
44434,ETH Vs SERALION August 26 2021,Player 58,game, game Friendly-Game,44434.62616,44434.65729,2690,5.7631,35,241.8806,0.487,0.0979,away,MF
44434,ETH Vs SERALION August 26 2021,Player 8,game, game Friendly-Game,44434.62591,44434.69397,4981,10.0392,97,451.7817,1.1558,0.1461,away,FW
44434,ETH Vs SERALION August 26 2021,Player 16,game, game Friendly-Game,44434.69014,44434.70128,962,2.1571,15,99.6359,0.1784,0,away,MF
44434,ETH Vs SERALION August 26 2021,Player 28,game, game Friendly-Game,44434.68245,44434.7013,1629,3.124,28,133.5787,0.3667,0.0447,away,FW
44434,ETH Vs SERALION August 26 2021,Player 63,game, game Friendly-Game,44434.62581,44434.70135,5650,10.9066,69,440.7542,0.669,0.125,away,CB
44434,ETH Vs SERALION August 26 2021,Player 22,game, game Friendly-Game,44434.69005,44434.70139,980,1.9509,19,85.7217,0.2215,0.0304,away,FB
44434,ETH Vs SERALION August 26 2021,Player 57,game, game Friendly-Game,44434.62573,44434.70143,5654,11.0152,91,467.5099,1.2495,0.3285,away,FB
44434,ETH Vs SERALION August 26 2021,Player 2,game, game Friendly-Game,44434.68252,44434.70122,1616,3.7628,37,163.966,0.4995,0.0244,away,FW
44434,ETH Vs SERALION August 26 2021,Player 52,game, game Friendly-Game,44434.62619,44434.68894,4581,8.4953,73,404.6683,0.8514,0.2117,away,FB
44434,ETH Vs SERALION August 26 2021,Player 65,1st.quarter, game Friendly-Game,44434.62573,44434.65764,2757,5.9348,31,273.8277,0.3485,0.0279,away,MF
44434,ETH Vs SERALION August 26 2021,Player 59,1st.quarter, game Friendly-Game,44434.62574,44434.65758,2751,5.9018,38,273.6152,0.3378,0.0176,away,MF
44434,ETH Vs SERALION August 26 2021,Player 46,1st.quarter, game Friendly-Game,44434.62568,44434.65757,2756,6.2075,45,264.9364,0.5468,0.0021,away,MF
44434,ETH Vs SERALION August 26 2021,Player 53,1st.quarter, game Friendly-Game,44434.62583,44434.65787,2768,5.5985,44,242.0855,0.5601,0.1083,away,FB
44434,ETH Vs SERALION August 26 2021,Player 11,1st.quarter, game Friendly-Game,44434.62566,44434.65761,2760,5.1674,26,230.3354,0.2987,0.0423,away,CB
44434,ETH Vs SERALION August 26 2021,Player 58,1st.quarter, game Friendly-Game,44434.62616,44434.65729,2690,5.7631,35,241.8806,0.487,0.0979,away,MF
44434,ETH Vs SERALION August 26 2021,Player 8,1st.quarter, game Friendly-Game,44434.62591,44434.65765,2742,5.8612,55,263.247,0.7292,0.1295,away,FW
44434,ETH Vs SERALION August 26 2021,Player 63,1st.quarter, game Friendly-Game,44434.62581,44434.65759,2746,5.5025,35,222.7025,0.3239,0.058,away,CB
44434,ETH Vs SERALION August 26 2021,Player 57,1st.quarter, game Friendly-Game,44434.62573,44434.65772,2763,5.4673,43,228.8553,0.5835,0.1483,away,FB
44434,ETH Vs SERALION August 26 2021,Player 52,1st.quarter, game Friendly-Game,44434.62619,44434.65757,2711,5.3553,48,255.3607,0.5268,0.1397,away,FB
44434,ETH Vs SERALION August 26 2021,Player 65,2nd.quarter, game Friendly-Game,44434.6675,44434.70132,2922,5.7028,33,264.4914,0.3843,0.0528,away,MF
44434,ETH Vs SERALION August 26 2021,Player 59,2nd.quarter, game Friendly-Game,44434.66811,44434.68936,1836,3.4334,13,157.2676,0.1011,0,away,MF
44434,ETH Vs SERALION August 26 2021,Player 46,2nd.quarter, game Friendly-Game,44434.66789,44434.70136,2892,5.6735,33,244.1303,0.2795,0.0153,away,MF
44434,ETH Vs SERALION August 26 2021,Player 53,2nd.quarter, game Friendly-Game,44434.668,44434.68248,1251,2.0627,14,92.4538,0.1293,0.0559,away,FB
44434,ETH Vs SERALION August 26 2021,Player 11,2nd.quarter, game Friendly-Game,44434.66813,44434.68202,1200,1.972,13,91.0721,0.0692,0,away,CB
44434,ETH Vs SERALION August 26 2021,Player 47,2nd.quarter, game Friendly-Game,44434.68274,44434.70136,1610,3.1783,15,164.7067,0.1384,0.0687,away,CB
44434,ETH Vs SERALION August 26 2021,Player 8,2nd.quarter, game Friendly-Game,44434.66806,44434.69397,2239,4.178,42,188.5347,0.4266,0.0166,away,FW
44434,ETH Vs SERALION August 26 2021,Player 16,2nd.quarter, game Friendly-Game,44434.69014,44434.70128,962,2.1571,15,99.6359,0.1784,0,away,MF
44434,ETH Vs SERALION August 26 2021,Player 28,2nd.quarter, game Friendly-Game,44434.68245,44434.7013,1629,3.124,28,133.5787,0.3667,0.0447,away,FW
44434,ETH Vs SERALION August 26 2021,Player 63,2nd.quarter, game Friendly-Game,44434.66774,44434.70135,2904,5.4041,34,218.0516,0.345,0.067,away,CB
44434,ETH Vs SERALION August 26 2021,Player 22,2nd.quarter, game Friendly-Game,44434.69005,44434.70139,980,1.9509,19,85.7217,0.2215,0.0304,away,FB
44434,ETH Vs SERALION August 26 2021,Player 57,2nd.quarter, game Friendly-Game,44434.66797,44434.70143,2891,5.548,48,238.6547,0.666,0.1802,away,FB
44434,ETH Vs SERALION August 26 2021,Player 2,2nd.quarter, game Friendly-Game,44434.68252,44434.70122,1616,3.7628,37,163.966,0.4995,0.0244,away,FW
44434,ETH Vs SERALION August 26 2021,Player 52,2nd.quarter, game Friendly-Game,44434.6673,44434.68894,1870,3.14,25,149.3076,0.3247,0.0721,away,FB
5/30/2022,Eth Vs Lesetho II,Player 64,all, game,44711.71309,44711.7572,3811,6.0504,44,259.8582,0.539,0.1187,away,FW
5/30/2022,Eth Vs Lesetho II,Player 61,all, game,44711.71392,44711.75673,3699,6.2319,48,295.1591,0.5754,0.0107,away,FB
5/30/2022,Eth Vs Lesetho II,Player 17,all, game,44711.71378,44711.75709,3742,6.1442,55,258.7802,0.6786,0.2052,away,FB
5/30/2022,Eth Vs Lesetho II,Player 20,all, game,44711.66565,44711.71127,3941,5.3615,38,252.8281,0.4615,0.132,away,FW
5/30/2022,Eth Vs Lesetho II,Player 6,all, game,44711.66565,44711.71407,4183,6.4155,49,294.9195,0.3958,0.0014,away,MF
5/30/2022,Eth Vs Lesetho II,Player 34,all, game,44711.66575,44711.75666,7855,11.0155,86,436.4801,1.0418,0.0999,away,FW
5/30/2022,Eth Vs Lesetho II,Player 48,all, game,44711.6657,44711.75914,8073,11.4053,83,540.0897,0.9029,0.156,away,CB
5/30/2022,Eth Vs Lesetho II,Player 54,all, game,44711.66566,44711.75649,7847,9.0046,52,476.7411,0.5119,0.0226,away,MF
5/30/2022,Eth Vs Lesetho II,Player 15,all, game,44711.66566,44711.75461,7685,13.4746,129,633.7657,1.6061,0.238,away,MF
5/30/2022,Eth Vs Lesetho II,Player 33,all, game,44711.66566,44711.75664,7861,11.7738,81,547.9451,0.9821,0.1529,away,CB
5/30/2022,Eth Vs Lesetho II,Player 16,all, game,44711.66566,44711.75677,7872,10.0587,63,480.7264,0.4969,0.0043,away,MF
5/30/2022,Eth Vs Lesetho II,Player 39,all, game,44711.66565,44711.75669,7865,9.1382,74,416.8097,0.9463,0.2478,away,FB
5/30/2022,Eth Vs Lesetho II,Player 57,all, game,44711.66565,44711.7142,4195,6.3547,58,287.8484,0.7996,0.1698,away,FB
5/30/2022,Eth Vs Lesetho II,Player 64,game, game,44711.7154,44711.74932,2931,5.754,44,241.8442,0.539,0.1187,away,FW
5/30/2022,Eth Vs Lesetho II,Player 61,game, game,44711.71548,44711.74927,2919,5.9075,46,276.4427,0.5603,0.0107,away,FB
5/30/2022,Eth Vs Lesetho II,Player 17,game, game,44711.71543,44711.74936,2931,5.7685,52,236.4197,0.6697,0.2052,away,FB
5/30/2022,Eth Vs Lesetho II,Player 20,game, game,44711.66872,44711.70212,2885,5.2426,38,248.6214,0.4615,0.132,away,FW
5/30/2022,Eth Vs Lesetho II,Player 6,game, game,44711.66877,44711.70204,2874,6.3206,49,276.3354,0.3958,0.0014,away,MF
5/30/2022,Eth Vs Lesetho II,Player 34,game, game,44711.66862,44711.7378,4824,10.5915,86,409.0388,1.0418,0.0999,away,FW
5/30/2022,Eth Vs Lesetho II,Player 48,game, game,44711.6687,44711.7498,5823,10.9957,83,501.226,0.9029,0.156,away,CB
5/30/2022,Eth Vs Lesetho II,Player 54,game, game,44711.66871,44711.7319,4299,8.3953,52,441.3053,0.5119,0.0226,away,MF
5/30/2022,Eth Vs Lesetho II,Player 15,game, game,44711.66874,44711.74934,5793,13.028,128,599.5006,1.5829,0.238,away,MF
5/30/2022,Eth Vs Lesetho II,Player 33,game, game,44711.66881,44711.74906,5779,11.2696,81,503.6915,0.9815,0.1529,away,CB
5/30/2022,Eth Vs Lesetho II,Player 16,game, game,44711.66872,44711.73212,4321,9.5782,63,450.89,0.4969,0.0043,away,MF
5/30/2022,Eth Vs Lesetho II,Player 39,game, game,44711.66872,44711.73175,4291,8.5944,74,370.537,0.9463,0.2478,away,FB
5/30/2022,Eth Vs Lesetho II,Player 57,game, game,44711.66871,44711.70213,2887,6.2746,58,280.953,0.797,0.1698,away,FB
5/30/2022,Eth Vs Lesetho II,Player 64,2nd.quarter, game,44711.7154,44711.74932,2931,5.754,44,241.8442,0.539,0.1187,away,FW
5/30/2022,Eth Vs Lesetho II,Player 61,2nd.quarter, game,44711.71548,44711.74927,2919,5.9075,46,276.4427,0.5603,0.0107,away,FB
5/30/2022,Eth Vs Lesetho II,Player 17,2nd.quarter, game,44711.71543,44711.74936,2931,5.7685,52,236.4197,0.6697,0.2052,away,FB
5/30/2022,Eth Vs Lesetho II,Player 34,2nd.quarter, game,44711.71537,44711.7378,1938,3.9659,31,152.3595,0.3969,0.025,away,FW
5/30/2022,Eth Vs Lesetho II,Player 48,2nd.quarter, game,44711.7158,44711.7498,2938,5.0848,43,230.9605,0.5051,0.1132,away,CB
5/30/2022,Eth Vs Lesetho II,Player 54,2nd.quarter, game,44711.71548,44711.7319,1419,2.625,17,142.032,0.166,0.0107,away,MF
5/30/2022,Eth Vs Lesetho II,Player 15,2nd.quarter, game,44711.71562,44711.74934,2913,6.3496,64,296.5864,0.7851,0.1362,away,MF
5/30/2022,Eth Vs Lesetho II,Player 33,2nd.quarter, game,44711.71537,44711.74906,2911,5.308,39,238.994,0.4974,0.0601,away,CB
5/30/2022,Eth Vs Lesetho II,Player 16,2nd.quarter, game,44711.7154,44711.73212,1445,3.0367,22,141.2442,0.112,0,away,MF
5/30/2022,Eth Vs Lesetho II,Player 39,2nd.quarter, game,44711.71539,44711.73175,1413,2.7722,22,124.7866,0.2583,0.029,away,FB
5/30/2022,Eth Vs Lesetho II,Player 20,1st.quarter, game,44711.66872,44711.70212,2885,5.2426,38,248.6214,0.4615,0.132,away,FW
5/30/2022,Eth Vs Lesetho II,Player 6,1st.quarter, game,44711.66877,44711.70204,2874,6.3206,49,276.3354,0.3958,0.0014,away,MF
5/30/2022,Eth Vs Lesetho II,Player 34,1st.quarter, game,44711.66862,44711.70202,2886,6.6256,55,256.6793,0.6449,0.0748,away,FW
5/30/2022,Eth Vs Lesetho II,Player 48,1st.quarter, game,44711.6687,44711.70209,2885,5.9109,40,270.2655,0.3977,0.0428,away,CB
5/30/2022,Eth Vs Lesetho II,Player 54,1st.quarter, game,44711.66871,44711.70205,2881,5.7702,35,299.2733,0.3459,0.0118,away,MF
5/30/2022,Eth Vs Lesetho II,Player 15,1st.quarter, game,44711.66874,44711.70208,2880,6.6784,64,302.9141,0.7978,0.1017,away,MF
5/30/2022,Eth Vs Lesetho II,Player 33,1st.quarter, game,44711.66881,44711.70201,2868,5.9615,42,264.6975,0.4841,0.0928,away,CB
5/30/2022,Eth Vs Lesetho II,Player 16,1st.quarter, game,44711.66872,44711.70201,2876,6.5415,41,309.6459,0.3849,0.0043,away,MF
5/30/2022,Eth Vs Lesetho II,Player 39,1st.quarter, game,44711.66872,44711.70203,2878,5.8221,52,245.7504,0.688,0.2189,away,FB
5/30/2022,Eth Vs Lesetho II,Player 57,1st.quarter, game,44711.66871,44711.70213,2887,6.2746,58,280.953,0.797,0.1698,away,FB
44511,ETH VS GHANA (WC Qualification),Player 47,game,,,,5748,9.4,52,469.7982,0.5084,0.0911,away,CB
44511,ETH VS GHANA (WC Qualification),Player 11,game,,,,5751,9.1,43,418.2422,0.458,0.0749,away,CB
44511,ETH VS GHANA (WC Qualification),Player 52,game,,,,5702,9.8,75,471.163,0.9922,0.2405,away,FB
44511,ETH VS GHANA (WC Qualification),Player 13,game,,,,5761,9.8,78,492.0913,0.9391,0.2237,away,FB
44511,ETH VS GHANA (WC Qualification),Player 6,game,,,,3793,7.7,52,344.0072,0.6184,0.041,away,MF
44511,ETH VS GHANA (WC Qualification),Player 54,game,,,,4621,8.5,58,434.0606,0.5312,0.033,away,MF
44511,ETH VS GHANA (WC Qualification),Player 46,game,,,,588,0.4,2,17.4302,0.0129,0,away,MF
44511,ETH VS GHANA (WC Qualification),Player 3,game,,,,5762,9.2,68,372.9985,0.9116,0.2122,away,FW
44511,ETH VS GHANA (WC Qualification),Player 32,game,,,,4596,7.7,37,304.066,0.4097,0.0492,away,FW
44511,ETH VS GHANA (WC Qualification),Player 20,game,,,,5758,10.3,90,481.8635,0.9576,0.1844,away,FW
44511,ETH VS GHANA (WC Qualification),Player 47,1st.quarter,,,,2815,4.9,29,244.9778,0.3178,0.0357,away,CB
44511,ETH VS GHANA (WC Qualification),Player 11,1st.quarter,,,,2828,4.7,21,213.0028,0.2267,0.0353,away,CB
44511,ETH VS GHANA (WC Qualification),Player 52,1st.quarter,,,,2823,5.4,39,259.8996,0.5699,0.183,away,FB
44511,ETH VS GHANA (WC Qualification),Player 13,1st.quarter,,,,2822,5.1,40,252.7648,0.3908,0.1522,away,FB
44511,ETH VS GHANA (WC Qualification),Player 6,1st.quarter,,,,2803,6.1,44,267.6061,0.552,0.041,away,MF
44511,ETH VS GHANA (WC Qualification),Player 54,1st.quarter,,,,2816,5.4,39,275.3514,0.3576,0.0308,away,MF
44511,ETH VS GHANA (WC Qualification),Player 46,1st.quarter,,,,229,0.2,2,7.9443,0.0129,0,away,MF
44511,ETH VS GHANA (WC Qualification),Player 3,1st.quarter,,,,2827,4.9,37,198.8617,0.4843,0.107,away,FW
44511,ETH VS GHANA (WC Qualification),Player 32,1st.quarter,,,,2799,4.7,22,185.7462,0.2667,0.0123,away,FW
44511,ETH VS GHANA (WC Qualification),Player 20,1st.quarter,,,,2815,5.4,48,249.1338,0.5685,0.0488,away,FW
44511,ETH VS GHANA (WC Qualification),Player 52,2nd.quarter,,,,2879,4.4,36,211.2634,0.4223,0.0575,away,FB
44511,ETH VS GHANA (WC Qualification),Player 13,2nd.quarter,,,,2939,4.7,38,239.3264,0.5483,0.0715,away,FB
44511,ETH VS GHANA (WC Qualification),Player 47,2nd.quarter,,,,2933,4.5,23,224.8204,0.1906,0.0554,away,CB
44511,ETH VS GHANA (WC Qualification),Player 11,2nd.quarter,,,,2923,4.4,22,205.2394,0.2313,0.0395,away,CB
44511,ETH VS GHANA (WC Qualification),Player 46,2nd.quarter,,,,359,0.2,0,9.4859,0,0,away,MF
44511,ETH VS GHANA (WC Qualification),Player 6,2nd.quarter,,,,990,1.6,8,76.4011,0.0664,0,away,MF
44511,ETH VS GHANA (WC Qualification),Player 54,2nd.quarter,,,,1805,3.1,19,158.7092,0.1736,0.0021,away,MF
44511,ETH VS GHANA (WC Qualification),Player 3,2nd.quarter,,,,2935,4.3,31,174.1368,0.4273,0.1052,away,FW
44511,ETH VS GHANA (WC Qualification),Player 32,2nd.quarter,,,,1797,2.9,15,118.3198,0.143,0.0369,away,FW
44511,ETH VS GHANA (WC Qualification),Player 20,2nd.quarter,,,,2943,4.9,42,232.7297,0.3891,0.1355,away,FW
6/9/2022,Eth Vs Egypt AFCON2023 QUAL,Player 3,all, game afcon2023,44721.74727,44721.83752,7798,11.0091,119,458.2703,1.3933,0.2915,away,FW
6/9/2022,Eth Vs Egypt AFCON2023 QUAL,Player 47,all, game afcon2023,44721.74734,44721.83736,7778,11.0341,46,587.2605,0.3318,0.1105,away,CB
6/9/2022,Eth Vs Egypt AFCON2023 QUAL,Player 31,all, game afcon2023,44721.74734,44721.8374,7780,13.1264,96,513.8718,1.1466,0.1281,away,MF
6/9/2022,Eth Vs Egypt AFCON2023 QUAL,Player 63,all, game afcon2023,44721.74734,44721.8411,8100,12.389,73,531.3111,0.5806,0.0389,away,CB
6/9/2022,Eth Vs Egypt AFCON2023 QUAL,Player 20,all, game afcon2023,44721.74725,44721.83776,7820,10.6957,89,491.7967,1.1159,0.3314,away,FW
6/9/2022,Eth Vs Egypt AFCON2023 QUAL,Player 13,all, game afcon2023,44721.74711,44721.83708,7773,11.6469,93,576.2476,1.1372,0.3007,away,FB
6/9/2022,Eth Vs Egypt AFCON2023 QUAL,Player 6,all, game afcon2023,44721.7471,44721.78549,3317,6.7112,63,293.9152,0.805,0.0422,away,MF
6/9/2022,Eth Vs Egypt AFCON2023 QUAL,Player 54,all, game afcon2023,44721.74718,44721.78623,3373,6.3481,48,323.6344,0.4675,0.0734,away,MF
6/9/2022,Eth Vs Egypt AFCON2023 QUAL,Player 52,all, game afcon2023,44721.747,44721.83841,7898,11.781,93,580.6777,1.2737,0.1509,away,FB
6/9/2022,Eth Vs Egypt AFCON2023 QUAL,Player 8,all, game afcon2023,44721.74734,44721.83816,7846,11.988,102,539.9972,1.5235,0.2068,away,FW
6/9/2022,Eth Vs Egypt AFCON2023 QUAL,Player 3,game, game afcon2023,44721.75009,44721.82851,5964,10.1163,116,407.4462,1.3752,0.2915,away,FW
6/9/2022,Eth Vs Egypt AFCON2023 QUAL,Player 47,game, game afcon2023,44721.75137,44721.82847,5826,9.6591,44,517.0131,0.3292,0.1105,away,CB
6/9/2022,Eth Vs Egypt AFCON2023 QUAL,Player 31,game, game afcon2023,44721.75137,44721.8284,5811,11.4307,91,449.137,1.0685,0.1222,away,MF
6/9/2022,Eth Vs Egypt AFCON2023 QUAL,Player 63,game, game afcon2023,44721.75133,44721.82844,5819,10.5671,71,462.5086,0.5765,0.0389,away,CB
6/9/2022,Eth Vs Egypt AFCON2023 QUAL,Player 20,game, game afcon2023,44721.75141,44721.82433,5468,9.8066,87,443.0344,1.1066,0.3314,away,FW
6/9/2022,Eth Vs Egypt AFCON2023 QUAL,Player 13,game, game afcon2023,44721.75132,44721.82851,5829,10.365,88,506.7512,1.133,0.3007,away,FB
6/9/2022,Eth Vs Egypt AFCON2023 QUAL,Player 6,game, game afcon2023,44721.75139,44721.78402,2820,6.4266,63,280.4514,0.805,0.0422,away,MF
6/9/2022,Eth Vs Egypt AFCON2023 QUAL,Player 54,game, game afcon2023,44721.7517,44721.78406,2796,5.9177,47,305.6815,0.466,0.0734,away,MF
6/9/2022,Eth Vs Egypt AFCON2023 QUAL,Player 52,game, game afcon2023,44721.75068,44721.82848,5882,10.5774,87,516.7246,1.193,0.1494,away,FB
6/9/2022,Eth Vs Egypt AFCON2023 QUAL,Player 8,game, game afcon2023,44721.75141,44721.8243,5447,10.7552,98,484.9,1.4744,0.2068,away,FW
6/9/2022,Eth Vs Egypt AFCON2023 QUAL,Player 3,1st.quarter, game afcon2023,44721.75009,44721.78441,2965,5.3194,56,215.1872,0.7125,0.1966,away,FW
6/9/2022,Eth Vs Egypt AFCON2023 QUAL,Player 47,1st.quarter, game afcon2023,44721.75137,44721.78405,2823,5.1668,25,278.1768,0.1793,0.0638,away,CB
6/9/2022,Eth Vs Egypt AFCON2023 QUAL,Player 31,1st.quarter, game afcon2023,44721.75137,44721.78406,2825,6.0167,52,238.9894,0.5807,0.0967,away,MF
6/9/2022,Eth Vs Egypt AFCON2023 QUAL,Player 63,1st.quarter, game afcon2023,44721.75133,44721.78403,2825,5.5691,39,244.2716,0.3246,0.025,away,CB
6/9/2022,Eth Vs Egypt AFCON2023 QUAL,Player 20,1st.quarter, game afcon2023,44721.75141,44721.78411,2825,5.4819,51,249.2623,0.657,0.192,away,FW
6/9/2022,Eth Vs Egypt AFCON2023 QUAL,Player 13,1st.quarter, game afcon2023,44721.75132,44721.78404,2827,5.413,52,267.0697,0.6605,0.1575,away,FB
6/9/2022,Eth Vs Egypt AFCON2023 QUAL,Player 6,1st.quarter, game afcon2023,44721.75139,44721.78402,2820,6.4266,63,280.4514,0.805,0.0422,away,MF
6/9/2022,Eth Vs Egypt AFCON2023 QUAL,Player 54,1st.quarter, game afcon2023,44721.7517,44721.78406,2796,5.9177,47,305.6815,0.466,0.0734,away,MF
6/9/2022,Eth Vs Egypt AFCON2023 QUAL,Player 52,1st.quarter, game afcon2023,44721.75068,44721.78397,2876,5.666,53,278.1692,0.7784,0.0917,away,FB
6/9/2022,Eth Vs Egypt AFCON2023 QUAL,Player 8,1st.quarter, game afcon2023,44721.75141,44721.78397,2814,5.9772,54,270.6083,0.8162,0.1086,away,FW
6/9/2022,Eth Vs Egypt AFCON2023 QUAL,Player 3,2nd.quarter, game afcon2023,44721.7938,44721.82851,2999,4.797,60,192.259,0.6627,0.0949,away,FW
6/9/2022,Eth Vs Egypt AFCON2023 QUAL,Player 47,2nd.quarter, game afcon2023,44721.79372,44721.82847,3002,4.4923,19,238.8362,0.1499,0.0466,away,CB
6/9/2022,Eth Vs Egypt AFCON2023 QUAL,Player 31,2nd.quarter, game afcon2023,44721.79383,44721.8284,2986,5.4139,39,210.1477,0.4878,0.0255,away,MF
6/9/2022,Eth Vs Egypt AFCON2023 QUAL,Player 63,2nd.quarter, game afcon2023,44721.7938,44721.82844,2994,4.998,32,218.237,0.2519,0.0139,away,CB
6/9/2022,Eth Vs Egypt AFCON2023 QUAL,Player 20,2nd.quarter, game afcon2023,44721.79374,44721.82433,2643,4.3247,36,193.7721,0.4497,0.1394,away,FW
6/9/2022,Eth Vs Egypt AFCON2023 QUAL,Player 13,2nd.quarter, game afcon2023,44721.79376,44721.82851,3002,4.9519,36,239.6815,0.4726,0.1432,away,FB
6/9/2022,Eth Vs Egypt AFCON2023 QUAL,Player 52,2nd.quarter, game afcon2023,44721.79369,44721.82848,3006,4.9114,34,238.5554,0.4146,0.0578,away,FB
6/9/2022,Eth Vs Egypt AFCON2023 QUAL,Player 8,2nd.quarter, game afcon2023,44721.79383,44721.8243,2633,4.778,44,214.2917,0.6582,0.0982,away,FW
44578,Eth vs Burkinafaso 2022,Player 11,game, game,,,5702,9.4,52,430.0341,0.5811,0.1353,away,CB
44578,Eth vs Burkinafaso 2022,Player 63,game, game,,,5668,10.6,68,441.6468,0.8171,0.063,away,CB
44578,Eth vs Burkinafaso 2022,Player 52,game, game,,,5722,10,67,486.9104,0.7634,0.1817,away,FB
44578,Eth vs Burkinafaso 2022,Player 13,game, game,,,5690,10,96,503.2813,1.124,0.1584,away,FB
44578,Eth vs Burkinafaso 2022,Player 58,game, game,,,4660,8.9,66,382.3878,0.8142,0.0273,away,MF
44578,Eth vs Burkinafaso 2022,Player 65,game, game,,,3761,7.4,69,340.7511,0.7131,0.0366,away,MF
44578,Eth vs Burkinafaso 2022,Player 6,game, game,,,5662,11.3,91,498.5949,0.9688,0.0788,away,MF
44578,Eth vs Burkinafaso 2022,Player 20,game, game,,,3720,6.1,45,273.8141,0.5409,0.14,away,FW
44578,Eth vs Burkinafaso 2022,Player 32,game, game,,,5726,8.9,45,365.598,0.4773,0.1226,away,FW
44578,Eth vs Burkinafaso 2022,Player 3,game, game,,,5719,10.1,87,407.2139,1.1486,0.2375,away,FW
44578,Eth vs Burkinafaso 2022,Player 11,1st.quarter, game,,,2778,4.7,30,216.8536,0.3856,0.0934,away,CB
44578,Eth vs Burkinafaso 2022,Player 63,1st.quarter, game,,,2809,5.3,32,223.8893,0.3882,0.0367,away,CB
44578,Eth vs Burkinafaso 2022,Player 52,1st.quarter, game,,,2810,5.1,37,249.447,0.4455,0.1109,away,FB
44578,Eth vs Burkinafaso 2022,Player 13,1st.quarter, game,,,2815,5.2,54,263.2716,0.6966,0.0923,away,FB
44578,Eth vs Burkinafaso 2022,Player 58,1st.quarter, game,,,2801,5.7,41,245.2799,0.4744,0.0043,away,MF
44578,Eth vs Burkinafaso 2022,Player 65,1st.quarter, game,,,2808,5.7,54,263.2141,0.5187,0.0366,away,MF
44578,Eth vs Burkinafaso 2022,Player 6,1st.quarter, game,,,2786,5.8,46,261.2545,0.5179,0.0328,away,MF
44578,Eth vs Burkinafaso 2022,Player 20,1st.quarter, game,,,2768,4.7,38,215.2501,0.4573,0.1304,away,FW
44578,Eth vs Burkinafaso 2022,Player 32,1st.quarter, game,,,2842,4.6,21,186.3782,0.1622,0.028,away,FW
44578,Eth vs Burkinafaso 2022,Player 3,1st.quarter, game,,,2813,4.9,43,199.3432,0.5452,0.0844,away,FW
1/17/2022,Eth vs Burkinafaso 2022,Player 11,2nd.quarter, game,,,2923,4.6,22,213.1805,0.1955,0.0419,away,CB
44578,Eth vs Burkinafaso 2022,Player 63,2nd.quarter, game,,,2860,5.2,36,217.7575,0.4289,0.0264,away,CB
44578,Eth vs Burkinafaso 2022,Player 52,2nd.quarter, game,,,2911,4.9,30,237.4634,0.3179,0.0708,away,FB
44578,Eth vs Burkinafaso 2022,Player 13,2nd.quarter, game,,,2875,4.8,42,240.0097,0.4274,0.0661,away,FB
44578,Eth vs Burkinafaso 2022,Player 58,2nd.quarter, game,,,1859,3.2,25,137.1079,0.3398,0.0231,away,MF
44578,Eth vs Burkinafaso 2022,Player 65,2nd.quarter, game,,,953,1.7,15,77.537,0.1944,0,away,MF
44578,Eth vs Burkinafaso 2022,Player 6,2nd.quarter, game,,,2875,5.5,45,237.3404,0.4509,0.046,away,MF
44578,Eth vs Burkinafaso 2022,Player 20,2nd.quarter, game,,,952,1.3,7,58.564,0.0836,0.0096,away,FW
44578,Eth vs Burkinafaso 2022,Player 32,2nd.quarter, game,,,2884,4.3,24,179.2198,0.3151,0.0945,away,FW
44578,Eth vs Burkinafaso 2022,Player 3,2nd.quarter, game,,,2906,5.2,44,207.8706,0.6033,0.1531,away,FW
1/9/2022,AFCON 2021 Ethi Vs Cape Verde,Player 63,game, game afcon-2021,,,442,0.8762,8,37.7503,0.0601,0,away,CB
44570,AFCON 2021 Ethi Vs Cape Verde,Player 11,game, game afcon-2021,,,5763,9.4962,55,430.4087,0.6067,0.1013,away,CB
44570,AFCON 2021 Ethi Vs Cape Verde,Player 52,game, game afcon-2021,,,5826,10.9,92,528.3935,1.1867,0.2811,away,FB
44570,AFCON 2021 Ethi Vs Cape Verde,Player 57,game, game afcon-2021,,,5705,10.4,75,448.5391,0.9336,0.2106,away,FB
,AFCON 2021 Ethi Vs Cape Verde,Player 58,game, game,,,5019,10.2605,75,436.9898,0.8623,0.0266,away,MF
,AFCON 2021 Ethi Vs Cape Verde,Player 46,game, game,,,937,1.521,16,66.221,0.1422,0,away,MF
,AFCON 2021 Ethi Vs Cape Verde,Player 6,game,game,,,,9.7,80,169.3,1,0,away,MF
,AFCON 2021 Ethi Vs Cape Verde,Player 3,game, game,,,5032,8.792,81,352.1892,0.9508,0.2531,away,FW
,AFCON 2021 Ethi Vs Cape Verde,Player 32,game, game,,,3817,6.1534,41,242.8499,0.4945,0.1207,away,FW
,AFCON 2021 Ethi Vs Cape Verde,Player 8,game, game,,,2839,5.2961,53,232.7635,0.7358,0.1276,away,FW
44570,AFCON 2021 Ethi Vs Cape Verde,Player 63,1st.quarter, game afcon-2021,,,44570.83352,44570.83864,0.8762,9.9217,0.4459,0.133,away,CB
1/9/2022,AFCON 2021 Ethi Vs Cape Verde,Player 11,1st.quarter, game afcon-2021,,,44570.83328,44570.86619,4.4821,7.4232,1.7727,0.3947,away,CB
44570,AFCON 2021 Ethi Vs Cape Verde,Player 52,1st.quarter, game afcon-2021,,,2878,4.98,45,247.9519,0.5373,0.0841,away,FB
44570,AFCON 2021 Ethi Vs Cape Verde,Player 57,1st.quarter, game afcon-2021,,,2772,4.58,29,204.1185,0.365,0.1066,away,FB
,AFCON 2021 Ethi Vs Cape Verde,Player 58,1st.quarter, game afcon-2021,,,2805,5.4,42,233.6156,0.4626,0.0007,away,MF
,AFCON 2021 Ethi Vs Cape Verde,Player 46,1st.quarter, game afcon-2021,,,937,1.5,16,66.221,0.1422,0,away,MF
,AFCON 2021 Ethi Vs Cape Verde,Player 6,1st.quarter, game training afcon-2021,,,2852,5.5,41,233.4962,0.5303,0.0014,away,MF
,AFCON 2021 Ethi Vs Cape Verde,Player 3,1st.quarter, game afcon-2021,,,2811,4.6,44,192.0367,0.439,0.1218,away,FW
,AFCON 2021 Ethi Vs Cape Verde,Player 32,1st.quarter, game afcon-2021,,,2820,4.5,25,175.7375,0.2937,0.0798,away,FW
,AFCON 2021 Ethi Vs Cape Verde,Player 8,1st.quarter, game training afcon-2021,,,2839,5.3,53,232.7635,0.7358,0.1276,away,FW
44570,AFCON 2021 Ethi Vs Cape Verde,Player 11,2nd.quarter, game afcon-2021,,,2919,5.0142,29,224.2809,0.3377,0.0648,away,CB
44570,AFCON 2021 Ethi Vs Cape Verde,Player 52,2nd.quarter, game afcon-2021,,,2948,5.871,47,280.4417,0.6494,0.197,away,FB
44570,AFCON 2021 Ethi Vs Cape Verde,Player 57,2nd.quarter, game afcon-2021,,,2933,5.812,46,244.4206,0.5686,0.104,away,FB
44570,AFCON 2021 Ethi Vs Cape Verde,Player 58,2nd.quarter, game afcon-2021,,,2214,4.8432,33,203.3742,0.3997,0.0259,away,MF
44570,AFCON 2021 Ethi Vs Cape Verde,Player 6,2nd quarter, game afcon-2021,,,1844,4.1399,39,169.3108,0.4527,0.0086,away,MF
44570,AFCON 2021 Ethi Vs Cape Verde,Player 3,2nd.quarter, game afcon-2021,,,2220,4.1535,37,160.1525,0.5117,0.1313,away,FW
44570,AFCON 2021 Ethi Vs Cape Verde,Player 32,2nd.quarter, game afcon-2021,,,996,1.6978,16,67.1124,0.2008,0.0409,away,FW
44570,AFCON 2021 Ethi Vs Cape Verde,Player 52,all, game afcon-2021,44570.83033,44570.91949,7704,11.1804,93,550.4282,1.1897,0.2811,away,FB
44570,AFCON 2021 Ethi Vs Cape Verde,Player 57,all, game afcon-2021,44570.83017,44570.91963,7729,10.989,76,501.9212,0.9377,0.2106,away,FB
44570,AFCON 2021 Ethi Vs Cape Verde,Player 3,all, game afcon-2021,44570.83033,44570.92483,8165,9.3088,84,385.4912,0.9971,0.2531,away,FW
44570,AFCON 2021 Ethi Vs Cape Verde,Player 58,all, game afcon-2021,44570.83023,44570.92493,8181,10.7454,76,480.9339,0.8752,0.0266,away,MF
44570,AFCON 2021 Ethi Vs Cape Verde,Player 32,all, game afcon-2021,44570.83024,44570.91944,7707,6.6585,41,275.3501,0.4945,0.1207,away,FW
44570,AFCON 2021 Ethi Vs Cape Verde,Player 46,all, game afcon-2021,44570.83033,44570.87489,3850,1.679,16,80.5832,0.1422,0,away,MF
44570,AFCON 2021 Ethi Vs Cape Verde,Player 63,all, game afcon-2021,44570.83024,44570.87473,3844,1.2751,9,67.7989,0.0782,0.0072,away,CB
44570,AFCON 2021 Ethi Vs Cape Verde,Player 11,all, game afcon-2021,44570.83058,44570.91947,7680,9.9564,57,468.2563,0.6094,0.1013,away,CB
44570,AFCON 2021 Ethi Vs Cape Verde,Player 6,all, game afcon-2021,44570.8895,44570.91912,2559,4.2717,39,184.7946,0.4527,0.0086,away,MF
44570,AFCON 2021 Ethi Vs Cape Verde,Player 8,all, game afcon-2021,44570.83033,44570.87465,3829,5.5029,53,243.1742,0.7358,0.1276,away,FW
44570,AFCON 2021 Ethi Vs Cape Verde,Player 52,game, game afcon-2021,44570.83331,44570.91058,5826,10.8515,92,528.3935,1.1867,0.2811,away,FB
44570,AFCON 2021 Ethi Vs Cape Verde,Player 57,game, game afcon-2021,44570.83406,44570.91069,5705,10.3925,75,448.5391,0.9336,0.2106,away,FB
44570,AFCON 2021 Ethi Vs Cape Verde,Player 3,game, game afcon-2021,44570.83342,44570.90285,5032,8.792,81,352.1892,0.9508,0.2531,away,FW
44570,AFCON 2021 Ethi Vs Cape Verde,Player 58,game, game afcon-2021,44570.83363,44570.90313,5019,10.2605,75,436.9898,0.8623,0.0266,away,MF
44570,AFCON 2021 Ethi Vs Cape Verde,Player 32,game, game afcon-2021,44570.83343,44570.88884,3817,6.1534,41,242.8499,0.4945,0.1207,away,FW
44570,AFCON 2021 Ethi Vs Cape Verde,Player 46,game, game afcon-2021,44570.83296,44570.8438,937,1.521,16,66.221,0.1422,0,away,MF
44570,AFCON 2021 Ethi Vs Cape Verde,Player 63,game, game afcon-2021,44570.83352,44570.83864,442,0.8762,8,37.7503,0.0601,0,away,CB
44570,AFCON 2021 Ethi Vs Cape Verde,Player 11,game, game afcon-2021,44570.83328,44570.91079,5763,9.4962,55,430.4087,0.6067,0.1013,away,CB
44570,AFCON 2021 Ethi Vs Cape Verde,Player 6,game, game afcon-2021,44570.8895,44570.91084,1844,4.1399,39,169.3108,0.4527,0.0086,away,MF
44570,AFCON 2021 Ethi Vs Cape Verde,Player 8,game, game afcon-2021,44570.83314,44570.866,2839,5.2961,53,232.7635,0.7358,0.1276,away,FW
44570,AFCON 2021 Ethi Vs Cape Verde,Player 52,1st.quarter, game afcon-2021,44570.83331,44570.86662,2878,4.9805,45,247.9519,0.5373,0.0841,away,FB
44570,AFCON 2021 Ethi Vs Cape Verde,Player 57,1st.quarter, game afcon-2021,44570.83406,44570.86614,2772,4.5805,29,204.1185,0.365,0.1066,away,FB
44570,AFCON 2021 Ethi Vs Cape Verde,Player 3,1st.quarter, game afcon-2021,44570.83342,44570.86596,2811,4.6386,44,192.0367,0.439,0.1218,away,FW
44570,AFCON 2021 Ethi Vs Cape Verde,Player 58,1st.quarter, game afcon-2021,44570.83363,44570.8661,2805,5.4172,42,233.6156,0.4626,0.0007,away,MF
44570,AFCON 2021 Ethi Vs Cape Verde,Player 32,1st.quarter, game afcon-2021,44570.83343,44570.86607,2820,4.4556,25,175.7375,0.2937,0.0798,away,FW
44570,AFCON 2021 Ethi Vs Cape Verde,Player 46,1st.quarter, game afcon-2021,44570.83296,44570.8438,937,1.521,16,66.221,0.1422,0,away,MF
44570,AFCON 2021 Ethi Vs Cape Verde,Player 63,1st.quarter, game afcon-2021,44570.83352,44570.83864,442,0.8762,8,37.7503,0.0601,0,away,CB
44570,AFCON 2021 Ethi Vs Cape Verde,Player 11,1st.quarter, game afcon-2021,44570.83328,44570.86619,2844,4.4821,26,206.1278,0.2691,0.0365,away,CB
44570,AFCON 2021 Ethi Vs Cape Verde,Player 6,1st.quarter, game afcon-2021,44570.8895,44570.91084,1844,4.1399,39,169.3108,0.4527,0.0086,away,MF
44570,AFCON 2021 Ethi Vs Cape Verde,Player 8,1st.quarter, game afcon-2021,44570.83314,44570.866,2839,5.2961,53,232.7635,0.7358,0.1276,away,FW
44570,AFCON 2021 Ethi Vs Cape Verde,Player 52,2nd.quarter, game afcon-2021,44570.87646,44570.91058,2948,5.871,47,280.4417,0.6494,0.197,away,FB
44570,AFCON 2021 Ethi Vs Cape Verde,Player 57,2nd.quarter, game afcon-2021,44570.87674,44570.91069,2933,5.812,46,244.4206,0.5686,0.104,away,FB
44570,AFCON 2021 Ethi Vs Cape Verde,Player 3,2nd.quarter, game afcon-2021,44570.87715,44570.90285,2220,4.1535,37,160.1525,0.5117,0.1313,away,FW
44570,AFCON 2021 Ethi Vs Cape Verde,Player 58,2nd.quarter, game afcon-2021,44570.87751,44570.90313,2214,4.8432,33,203.3742,0.3997,0.0259,away,MF
44570,AFCON 2021 Ethi Vs Cape Verde,Player 32,2nd.quarter, game afcon-2021,44570.87731,44570.88884,996,1.6978,16,67.1124,0.2008,0.0409,away,FW
44570,AFCON 2021 Ethi Vs Cape Verde,Player 11,2nd.quarter, game afcon-2021,44570.877,44570.91079,2919,5.0142,29,224.2809,0.3377,0.0648,away,CB
7/11/2021,11072021U23 Vs Adama U201st half,Player 35,all, game friendly-match,44388.4726,44388.53579,5460,8.8589,56,397.6818,0.5576,0.0552,home,MF
44388,11072021U23 Vs Adama U201st half,Player 3,all, game friendly-match,44388.47225,44388.51603,3782,4.9957,45,202.5107,0.5373,0.2305,home,FW
44388,11072021U23 Vs Adama U201st half,Player 56,all, game friendly-match,44388.47156,44388.55221,6969,10.8361,69,444.6184,0.867,0.0935,home,CB
44388,11072021U23 Vs Adama U201st half,Player 19,all, game friendly-match,44388.4719,44388.516,3809,5.893,57,278.2045,0.594,0.1608,home,FW
44388,11072021U23 Vs Adama U201st half,Player 1,all, game friendly-match,44388.472,44388.51595,3797,6.7563,60,289.9323,0.9391,0.0448,home,MF
44388,11072021U23 Vs Adama U201st half,Player 43,all, game friendly-match,44388.47177,44388.53608,5556,8.0252,48,357.1909,0.5645,0.1429,home,CB
44388,11072021U23 Vs Adama U201st half,Player 36,all, game friendly-match,44388.47121,44388.55188,6970,10.8384,60,527.3815,0.7647,0.1118,home,FB
44388,11072021U23 Vs Adama U201st half,Player 66,all, game friendly-match,44388.47156,44388.55225,6972,10.8873,85,494.4353,1.1585,0.1918,home,FB
44388,11072021U23 Vs Adama U201st half,Player 62,all, game friendly-match,44388.47234,44388.53597,5497,8.8581,75,436.4774,0.8171,0.1013,home,MF
44388,11072021U23 Vs Adama U201st half,Player 35,game, game friendly-match,44388.47755,44388.53515,4116,8.2555,54,359.1473,0.5418,0.0502,home,MF
44388,11072021U23 Vs Adama U201st half,Player 3,game, game friendly-match,44388.4776,44388.50845,2666,4.6719,45,184.608,0.5373,0.2305,home,FW
44388,11072021U23 Vs Adama U201st half,Player 56,game, game friendly-match,44388.47701,44388.54999,5467,10.3095,69,413.1057,0.8633,0.0935,home,CB
44388,11072021U23 Vs Adama U201st half,Player 19,game, game friendly-match,44388.47758,44388.50841,2664,5.557,57,252.2763,0.594,0.1608,home,FW
44388,11072021U23 Vs Adama U201st half,Player 1,game, game friendly-match,44388.47733,44388.50872,2712,6.3515,60,260.8004,0.9385,0.0448,home,MF
44388,11072021U23 Vs Adama U201st half,Player 43,game, game friendly-match,44388.47711,44388.53536,4133,7.407,48,327.5046,0.5645,0.1429,home,CB
44388,11072021U23 Vs Adama U201st half,Player 36,game, game friendly-match,44388.47701,44388.5501,5414,10.2041,58,490.4116,0.751,0.1118,home,FB
44388,11072021U23 Vs Adama U201st half,Player 66,game, game friendly-match,44388.4771,44388.54994,5385,10.23,85,455.3752,1.1585,0.1918,home,FB
44388,11072021U23 Vs Adama U201st half,Player 62,game, game friendly-match,44388.4777,44388.53547,4119,8.2655,75,399.1499,0.8102,0.1013,home,MF
44388,11072021U23 Vs Adama U201st half,Player 35,1st.quarter, game friendly-match,44388.47755,44388.50878,2698,5.3112,36,230.4638,0.3915,0.0187,home,MF
44388,11072021U23 Vs Adama U201st half,Player 3,1st.quarter, game friendly-match,44388.4776,44388.50845,2666,4.6719,45,184.608,0.5373,0.2305,home,FW
44388,11072021U23 Vs Adama U201st half,Player 56,1st.quarter, game friendly-match,44388.47701,44388.509,2764,5.3265,37,213.1793,0.5401,0.0492,home,CB
44388,11072021U23 Vs Adama U201st half,Player 19,1st.quarter, game friendly-match,44388.47758,44388.50841,2664,5.557,57,252.2763,0.594,0.1608,home,FW
44388,11072021U23 Vs Adama U201st half,Player 1,1st.quarter, game friendly-match,44388.47733,44388.50872,2712,6.3515,60,260.8004,0.9385,0.0448,home,MF
44388,11072021U23 Vs Adama U201st half,Player 43,1st.quarter, game friendly-match,44388.47711,44388.50832,2696,4.814,36,211.9854,0.4071,0.0896,home,CB
44388,11072021U23 Vs Adama U201st half,Player 36,1st.quarter, game friendly-match,44388.47701,44388.50839,2711,5.3054,31,254.0845,0.4416,0.0652,home,FB
44388,11072021U23 Vs Adama U201st half,Player 66,1st.quarter, game friendly-match,44388.4771,44388.50831,2697,5.3398,55,236.9144,0.7899,0.0888,home,FB
44388,11072021U23 Vs Adama U201st half,Player 62,1st.quarter, game friendly-match,44388.4777,44388.50865,2674,5.2991,47,255.9182,0.5419,0.0441,home,MF
44388,11072021U23 Vs Adama U201st half,Player 35,2nd.quarter, game friendly-match,44388.51875,44388.53515,1418,2.9442,18,128.6835,0.1504,0.0315,home,MF
44388,11072021U23 Vs Adama U201st half,Player 56,2nd.quarter, game friendly-match,44388.51871,44388.54999,2702,4.983,32,199.9265,0.3232,0.0443,home,CB
44388,11072021U23 Vs Adama U201st half,Player 43,2nd.quarter, game friendly-match,44388.51874,44388.53536,1436,2.593,12,115.5193,0.1574,0.0533,home,CB
44388,11072021U23 Vs Adama U201st half,Player 36,2nd.quarter, game friendly-match,44388.51881,44388.5501,2703,4.8987,27,236.3271,0.3094,0.0467,home,FB
44388,11072021U23 Vs Adama U201st half,Player 66,2nd.quarter, game friendly-match,44388.51882,44388.54994,2689,4.8902,30,218.4608,0.3686,0.1031,home,FB
44388,11072021U23 Vs Adama U201st half,Player 62,2nd.quarter, game friendly-match,44388.51875,44388.53547,1445,2.9664,28,143.2317,0.2683,0.0572,home,MF
